CID,CNTRY
AW-00011000,Australia
AW-00011001,Australia
AW-00011002,Australia
AW-00011003,Australia
AW-00011004,Australia
AW-00011005,Australia
AW-00011006,Australia
AW-00011007,Australia
AW-00011008,Australia
AW-00011009,Australia
AW-00011010,Australia
AW-00011011,Australia
AW-00011012,US
AW-00011013,US
AW-00011014,US
AW-00011015,US
AW-00011016,US
AW-00011017,Australia
AW-00011018,Australia
AW-00011019,Canada
AW-00011020,Canada
AW-00011021,US
AW-00011022,US
AW-00011023,US
AW-00011024,US
AW-00011025,Australia
AW-00011026,Australia
AW-00011027,Australia
AW-00011028,Australia
AW-00011029,Australia
AW-00011030,Australia
AW-00011031,Australia
AW-00011032,Australia
AW-00011033,Australia
AW-00011034,Australia
AW-00011035,Australia
AW-00011036,US
AW-00011037,Canada
AW-00011038,Australia
AW-00011039,Australia
AW-00011040,US
AW-00011041,US
AW-00011042,US
AW-00011043,US
AW-00011044,Australia
AW-00011045,Australia
AW-00011046,Australia
AW-00011047,Australia
AW-00011048,Australia
AW-00011049,US
AW-00011050,Australia
AW-00011051,Australia
AW-00011052,Australia
AW-00011053,US
AW-00011054,Australia
AW-00011055,Australia
AW-00011056,Australia
AW-00011057,Australia
AW-00011058,Australia
AW-00011059,Australia
AW-00011060,Australia
AW-00011061,Australia
AW-00011062,US
AW-00011063,US
AW-00011064,US
AW-00011065,US
AW-00011066,US
AW-00011067,US
AW-00011068,Australia
AW-00011069,Australia
AW-00011070,Australia
AW-00011071,Australia
AW-00011072,Australia
AW-00011073,Australia
AW-00011074,Australia
AW-00011075,Australia
AW-00011076,Australia
AW-00011077,Australia
AW-00011078,Canada
AW-00011079,Australia
AW-00011080,Australia
AW-00011081,US
AW-00011082,US
AW-00011083,US
AW-00011084,US
AW-00011085,US
AW-00011086,US
AW-00011087,US
AW-00011088,US
AW-00011089,US
AW-00011090,US
AW-00011091,Canada
AW-00011092,Australia
AW-00011093,Australia
AW-00011094,Australia
AW-00011095,Australia
AW-00011096,Australia
AW-00011097,Australia
AW-00011098,Australia
AW-00011099,Australia
AW-00011100,Australia
AW-00011101,Australia
AW-00011102,Australia
AW-00011103,Australia
AW-00011104,Australia
AW-00011105,Australia
AW-00011106,Australia
AW-00011107,Australia
AW-00011108,Australia
AW-00011109,Australia
AW-00011110,Australia
AW-00011111,Australia
AW-00011112,Australia
AW-00011113,Australia
AW-00011114,Australia
AW-00011115,Australia
AW-00011116,Australia
AW-00011117,Australia
AW-00011118,Australia
AW-00011119,Australia
AW-00011120,Australia
AW-00011121,Australia
AW-00011122,Australia
AW-00011123,Australia
AW-00011124,Australia
AW-00011125,Australia
AW-00011126,Australia
AW-00011127,US
AW-00011128,US
AW-00011129,US
AW-00011130,US
AW-00011131,Canada
AW-00011132,Canada
AW-00011133,US
AW-00011134,Australia
AW-00011135,US
AW-00011136,Canada
AW-00011137,US
AW-00011138,US
AW-00011139,Australia
AW-00011140,US
AW-00011141,US
AW-00011142,Canada
AW-00011143,US
AW-00011144,US
AW-00011145,US
AW-00011146,Australia
AW-00011147,Australia
AW-00011148,Australia
AW-00011149,Australia
AW-00011150,Australia
AW-00011151,Australia
AW-00011152,US
AW-00011153,US
AW-00011154,US
AW-00011155,US
AW-00011156,US
AW-00011157,US
AW-00011158,US
AW-00011159,US
AW-00011160,US
AW-00011161,US
AW-00011162,US
AW-00011163,US
AW-00011164,US
AW-00011165,US
AW-00011166,US
AW-00011167,US
AW-00011168,US
AW-00011169,US
AW-00011170,US
AW-00011171,US
AW-00011172,US
AW-00011173,US
AW-00011174,US
AW-00011175,US
AW-00011176,Canada
AW-00011177,US
AW-00011178,US
AW-00011179,US
AW-00011180,US
AW-00011181,US
AW-00011182,US
AW-00011183,US
AW-00011184,US
AW-00011185,Canada
AW-00011186,US
AW-00011187,US
AW-00011188,US
AW-00011189,US
AW-00011190,US
AW-00011191,US
AW-00011192,US
AW-00011193,US
AW-00011194,US
AW-00011195,US
AW-00011196,US
AW-00011197,US
AW-00011198,US
AW-00011199,US
AW-00011200,Canada
AW-00011201,US
AW-00011202,US
AW-00011203,Canada
AW-00011204,US
AW-00011205,US
AW-00011206,US
AW-00011207,US
AW-00011208,US
AW-00011209,US
AW-00011210,US
AW-00011211,Canada
AW-00011212,Canada
AW-00011213,US
AW-00011214,US
AW-00011215,Canada
AW-00011216,US
AW-00011217,US
AW-00011218,US
AW-00011219,US
AW-00011220,US
AW-00011221,US
AW-00011222,US
AW-00011223,Canada
AW-00011224,US
AW-00011225,US
AW-00011226,US
AW-00011227,US
AW-00011228,US
AW-00011229,US
AW-00011230,US
AW-00011231,US
AW-00011232,US
AW-00011233,US
AW-00011234,US
AW-00011235,US
AW-00011236,US
AW-00011237,DE
AW-00011238,United Kingdom
AW-00011239,United Kingdom
AW-00011240,United Kingdom
AW-00011241,France
AW-00011242,France
AW-00011243,United Kingdom
AW-00011244,United Kingdom
AW-00011245,DE
AW-00011246,DE
AW-00011247,United Kingdom
AW-00011248,France
AW-00011249,DE
AW-00011250,United Kingdom
AW-00011251,Canada
AW-00011252,US
AW-00011253,Canada
AW-00011254,US
AW-00011255,US
AW-00011256,US
AW-00011257,US
AW-00011258,US
AW-00011259,US
AW-00011260,US
AW-00011261,US
AW-00011262,Canada
AW-00011263,US
AW-00011264,US
AW-00011265,US
AW-00011266,US
AW-00011267,US
AW-00011268,US
AW-00011269,US
AW-00011270,US
AW-00011271,US
AW-00011272,US
AW-00011273,US
AW-00011274,US
AW-00011275,US
AW-00011276,Canada
AW-00011277,Canada
AW-00011278,US
AW-00011279,US
AW-00011280,US
AW-00011281,US
AW-00011282,US
AW-00011283,US
AW-00011284,US
AW-00011285,US
AW-00011286,US
AW-00011287,Canada
AW-00011288,US
AW-00011289,US
AW-00011290,US
AW-00011291,US
AW-00011292,US
AW-00011293,US
AW-00011294,US
AW-00011295,US
AW-00011296,US
AW-00011297,US
AW-00011298,US
AW-00011299,US
AW-00011300,Canada
AW-00011301,US
AW-00011302,US
AW-00011303,US
AW-00011304,US
AW-00011305,US
AW-00011306,US
AW-00011307,US
AW-00011308,US
AW-00011309,US
AW-00011310,US
AW-00011311,US
AW-00011312,US
AW-00011313,US
AW-00011314,US
AW-00011315,US
AW-00011316,Canada
AW-00011317,US
AW-00011318,US
AW-00011319,US
AW-00011320,US
AW-00011321,US
AW-00011322,US
AW-00011323,US
AW-00011324,US
AW-00011325,US
AW-00011326,US
AW-00011327,US
AW-00011328,Canada
AW-00011329,US
AW-00011330,Canada
AW-00011331,Canada
AW-00011332,DE
AW-00011333,United Kingdom
AW-00011334,United Kingdom
AW-00011335,DE
AW-00011336,France
AW-00011337,United Kingdom
AW-00011338,DE
AW-00011339,France
AW-00011340,France
AW-00011341,United Kingdom
AW-00011342,France
AW-00011343,United Kingdom
AW-00011344,United Kingdom
AW-00011345,France
AW-00011346,France
AW-00011347,DE
AW-00011348,DE
AW-00011349,DE
AW-00011350,United Kingdom
AW-00011351,United Kingdom
AW-00011352,France
AW-00011353,United Kingdom
AW-00011354,DE
AW-00011355,United Kingdom
AW-00011356,Australia
AW-00011357,Australia
AW-00011358,Australia
AW-00011359,Australia
AW-00011360,Australia
AW-00011361,Australia
AW-00011362,Australia
AW-00011363,Australia
AW-00011364,Australia
AW-00011365,Australia
AW-00011366,Australia
AW-00011367,Australia
AW-00011368,Australia
AW-00011369,Australia
AW-00011370,Australia
AW-00011371,Australia
AW-00011372,Australia
AW-00011373,DE
AW-00011374,DE
AW-00011375,United Kingdom
AW-00011376,United Kingdom
AW-00011377,DE
AW-00011378,France
AW-00011379,France
AW-00011380,DE
AW-00011381,United Kingdom
AW-00011382,France
AW-00011383,France
AW-00011384,France
AW-00011385,United Kingdom
AW-00011386,DE
AW-00011387,United Kingdom
AW-00011388,United Kingdom
AW-00011389,DE
AW-00011390,France
AW-00011391,DE
AW-00011392,DE
AW-00011393,France
AW-00011394,United Kingdom
AW-00011395,DE
AW-00011396,DE
AW-00011397,France
AW-00011398,United Kingdom
AW-00011399,France
AW-00011400,United Kingdom
AW-00011401,France
AW-00011402,France
AW-00011403,France
AW-00011404,DE
AW-00011405,DE
AW-00011406,France
AW-00011407,DE
AW-00011408,United Kingdom
AW-00011409,France
AW-00011410,France
AW-00011411,DE
AW-00011412,DE
AW-00011413,United Kingdom
AW-00011414,United Kingdom
AW-00011415,DE
AW-00011416,France
AW-00011417,France
AW-00011418,DE
AW-00011419,United Kingdom
AW-00011420,France
AW-00011421,DE
AW-00011422,United Kingdom
AW-00011423,DE
AW-00011424,DE
AW-00011425,France
AW-00011426,DE
AW-00011427,DE
AW-00011428,DE
AW-00011429,France
AW-00011430,DE
AW-00011431,DE
AW-00011432,France
AW-00011433,France
AW-00011434,United Kingdom
AW-00011435,DE
AW-00011436,United Kingdom
AW-00011437,France
AW-00011438,DE
AW-00011439,France
AW-00011440,France
AW-00011441,France
AW-00011442,France
AW-00011443,Australia
AW-00011444,Australia
AW-00011445,Australia
AW-00011446,Australia
AW-00011447,Australia
AW-00011448,Australia
AW-00011449,Australia
AW-00011450,Australia
AW-00011451,Australia
AW-00011452,Australia
AW-00011453,Australia
AW-00011454,Australia
AW-00011455,Australia
AW-00011456,Australia
AW-00011457,Australia
AW-00011458,Australia
AW-00011459,Australia
AW-00011460,Australia
AW-00011461,Australia
AW-00011462,Australia
AW-00011463,Australia
AW-00011464,Australia
AW-00011465,Australia
AW-00011466,Australia
AW-00011467,Australia
AW-00011468,United Kingdom
AW-00011469,United Kingdom
AW-00011470,DE
AW-00011471,France
AW-00011472,Australia
AW-00011473,France
AW-00011474,United Kingdom
AW-00011475,United Kingdom
AW-00011476,United Kingdom
AW-00011477,DE
AW-00011478,France
AW-00011479,France
AW-00011480,France
AW-00011481,DE
AW-00011482,United Kingdom
AW-00011483,France
AW-00011484,DE
AW-00011485,United Kingdom
AW-00011486,DE
AW-00011487,France
AW-00011488,United Kingdom
AW-00011489,United Kingdom
AW-00011490,France
AW-00011491,United Kingdom
AW-00011492,DE
AW-00011493,United Kingdom
AW-00011494,United Kingdom
AW-00011495,DE
AW-00011496,United Kingdom
AW-00011497,United Kingdom
AW-00011498,Canada
AW-00011499,US
AW-00011500,Canada
AW-00011501,Canada
AW-00011502,Canada
AW-00011503,US
AW-00011504,US
AW-00011505,Canada
AW-00011506,Canada
AW-00011507,Canada
AW-00011508,US
AW-00011509,US
AW-00011510,Canada
AW-00011511,US
AW-00011512,Canada
AW-00011513,Canada
AW-00011514,US
AW-00011515,US
AW-00011516,US
AW-00011517,US
AW-00011518,US
AW-00011519,Canada
AW-00011520,Canada
AW-00011521,US
AW-00011522,US
AW-00011523,Canada
AW-00011524,US
AW-00011525,US
AW-00011526,Canada
AW-00011527,US
AW-00011528,US
AW-00011529,US
AW-00011530,Canada
AW-00011531,US
AW-00011532,US
AW-00011533,US
AW-00011534,US
AW-00011535,US
AW-00011536,US
AW-00011537,US
AW-00011538,US
AW-00011539,US
AW-00011540,US
AW-00011541,US
AW-00011542,United Kingdom
AW-00011543,France
AW-00011544,DE
AW-00011545,France
AW-00011546,France
AW-00011547,France
AW-00011548,United Kingdom
AW-00011549,United Kingdom
AW-00011550,United Kingdom
AW-00011551,France
AW-00011552,DE
AW-00011553,United Kingdom
AW-00011554,France
AW-00011555,United Kingdom
AW-00011556,United Kingdom
AW-00011557,United Kingdom
AW-00011558,United Kingdom
AW-00011559,DE
AW-00011560,United Kingdom
AW-00011561,DE
AW-00011562,DE
AW-00011563,United Kingdom
AW-00011564,DE
AW-00011565,United Kingdom
AW-00011566,France
AW-00011567,DE
AW-00011568,United Kingdom
AW-00011569,United Kingdom
AW-00011570,DE
AW-00011571,France
AW-00011572,France
AW-00011573,United Kingdom
AW-00011574,United Kingdom
AW-00011575,United Kingdom
AW-00011576,France
AW-00011577,France
AW-00011578,France
AW-00011579,United Kingdom
AW-00011580,United Kingdom
AW-00011581,France
AW-00011582,France
AW-00011583,France
AW-00011584,DE
AW-00011585,United Kingdom
AW-00011586,United Kingdom
AW-00011587,France
AW-00011588,France
AW-00011589,United Kingdom
AW-00011590,France
AW-00011591,France
AW-00011592,France
AW-00011593,France
AW-00011594,France
AW-00011595,DE
AW-00011596,United Kingdom
AW-00011597,France
AW-00011598,DE
AW-00011599,France
AW-00011600,France
AW-00011601,France
AW-00011602,DE
AW-00011603,United Kingdom
AW-00011604,United Kingdom
AW-00011605,DE
AW-00011606,France
AW-00011607,France
AW-00011608,France
AW-00011609,United Kingdom
AW-00011610,United Kingdom
AW-00011611,France
AW-00011612,United Kingdom
AW-00011613,DE
AW-00011614,DE
AW-00011615,United Kingdom
AW-00011616,United Kingdom
AW-00011617,US
AW-00011618,Canada
AW-00011619,Canada
AW-00011620,US
AW-00011621,US
AW-00011622,US
AW-00011623,US
AW-00011624,US
AW-00011625,US
AW-00011626,US
AW-00011627,US
AW-00011628,US
AW-00011629,US
AW-00011630,US
AW-00011631,Canada
AW-00011632,Canada
AW-00011633,US
AW-00011634,US
AW-00011635,US
AW-00011636,US
AW-00011637,US
AW-00011638,US
AW-00011639,US
AW-00011640,Canada
AW-00011641,Canada
AW-00011642,Canada
AW-00011643,US
AW-00011644,US
AW-00011645,US
AW-00011646,US
AW-00011647,Canada
AW-00011648,US
AW-00011649,US
AW-00011650,US
AW-00011651,Canada
AW-00011652,Canada
AW-00011653,US
AW-00011654,US
AW-00011655,US
AW-00011656,US
AW-00011657,US
AW-00011658,US
AW-00011659,Canada
AW-00011660,Canada
AW-00011661,Canada
AW-00011662,US
AW-00011663,US
AW-00011664,US
AW-00011665,US
AW-00011666,US
AW-00011667,US
AW-00011668,US
AW-00011669,US
AW-00011670,US
AW-00011671,US
AW-00011672,US
AW-00011673,US
AW-00011674,US
AW-00011675,US
AW-00011676,US
AW-00011677,Canada
AW-00011678,US
AW-00011679,US
AW-00011680,US
AW-00011681,US
AW-00011682,US
AW-00011683,US
AW-00011684,US
AW-00011685,US
AW-00011686,US
AW-00011687,US
AW-00011688,US
AW-00011689,US
AW-00011690,US
AW-00011691,US
AW-00011692,US
AW-00011693,Canada
AW-00011694,US
AW-00011695,US
AW-00011696,US
AW-00011697,US
AW-00011698,Canada
AW-00011699,US
AW-00011700,US
AW-00011701,US
AW-00011702,US
AW-00011703,US
AW-00011704,US
AW-00011705,US
AW-00011706,US
AW-00011707,US
AW-00011708,US
AW-00011709,Canada
AW-00011710,US
AW-00011711,Canada
AW-00011712,Canada
AW-00011713,US
AW-00011714,US
AW-00011715,US
AW-00011716,US
AW-00011717,US
AW-00011718,US
AW-00011719,Canada
AW-00011720,US
AW-00011721,US
AW-00011722,US
AW-00011723,Canada
AW-00011724,Canada
AW-00011725,US
AW-00011726,US
AW-00011727,US
AW-00011728,US
AW-00011729,US
AW-00011730,US
AW-00011731,US
AW-00011732,US
AW-00011733,US
AW-00011734,US
AW-00011735,US
AW-00011736,US
AW-00011737,US
AW-00011738,Canada
AW-00011739,Canada
AW-00011740,Canada
AW-00011741,US
AW-00011742,US
AW-00011743,US
AW-00011744,US
AW-00011745,US
AW-00011746,US
AW-00011747,US
AW-00011748,Canada
AW-00011749,Australia
AW-00011750,Australia
AW-00011751,Australia
AW-00011752,Australia
AW-00011753,Australia
AW-00011754,Australia
AW-00011755,Australia
AW-00011756,Australia
AW-00011757,Australia
AW-00011758,Australia
AW-00011759,Australia
AW-00011760,Australia
AW-00011761,Australia
AW-00011762,Australia
AW-00011763,Australia
AW-00011764,Australia
AW-00011765,Australia
AW-00011766,Australia
AW-00011767,Australia
AW-00011768,Australia
AW-00011769,Canada
AW-00011770,US
AW-00011771,US
AW-00011772,US
AW-00011773,US
AW-00011774,US
AW-00011775,US
AW-00011776,US
AW-00011777,US
AW-00011778,US
AW-00011779,US
AW-00011780,US
AW-00011781,US
AW-00011782,US
AW-00011783,US
AW-00011784,Canada
AW-00011785,US
AW-00011786,US
AW-00011787,US
AW-00011788,US
AW-00011789,US
AW-00011790,US
AW-00011791,US
AW-00011792,US
AW-00011793,US
AW-00011794,US
AW-00011795,US
AW-00011796,US
AW-00011797,US
AW-00011798,US
AW-00011799,US
AW-00011800,US
AW-00011801,US
AW-00011802,Canada
AW-00011803,US
AW-00011804,US
AW-00011805,US
AW-00011806,US
AW-00011807,US
AW-00011808,Canada
AW-00011809,US
AW-00011810,US
AW-00011811,US
AW-00011812,US
AW-00011813,US
AW-00011814,US
AW-00011815,US
AW-00011816,US
AW-00011817,US
AW-00011818,US
AW-00011819,US
AW-00011820,Canada
AW-00011821,US
AW-00011822,US
AW-00011823,Canada
AW-00011824,Canada
AW-00011825,US
AW-00011826,US
AW-00011827,Canada
AW-00011828,US
AW-00011829,US
AW-00011830,US
AW-00011831,US
AW-00011832,US
AW-00011833,Canada
AW-00011834,US
AW-00011835,Canada
AW-00011836,US
AW-00011837,US
AW-00011838,US
AW-00011839,US
AW-00011840,US
AW-00011841,Canada
AW-00011842,US
AW-00011843,US
AW-00011844,US
AW-00011845,Canada
AW-00011846,US
AW-00011847,US
AW-00011848,US
AW-00011849,US
AW-00011850,US
AW-00011851,US
AW-00011852,US
AW-00011853,US
AW-00011854,US
AW-00011855,US
AW-00011856,US
AW-00011857,US
AW-00011858,US
AW-00011859,US
AW-00011860,US
AW-00011861,Canada
AW-00011862,US
AW-00011863,US
AW-00011864,US
AW-00011865,US
AW-00011866,US
AW-00011867,US
AW-00011868,Canada
AW-00011869,Canada
AW-00011870,US
AW-00011871,US
AW-00011872,US
AW-00011873,US
AW-00011874,US
AW-00011875,Canada
AW-00011876,US
AW-00011877,US
AW-00011878,US
AW-00011879,US
AW-00011880,US
AW-00011881,US
AW-00011882,US
AW-00011883,US
AW-00011884,US
AW-00011885,US
AW-00011886,US
AW-00011887,US
AW-00011888,Canada
AW-00011889,US
AW-00011890,US
AW-00011891,US
AW-00011892,Australia
AW-00011893,Australia
AW-00011894,Australia
AW-00011895,Australia
AW-00011896,Australia
AW-00011897,Australia
AW-00011898,Australia
AW-00011899,Australia
AW-00011900,Australia
AW-00011901,Australia
AW-00011902,Australia
AW-00011903,Australia
AW-00011904,Australia
AW-00011905,Australia
AW-00011906,Australia
AW-00011907,Australia
AW-00011908,Australia
AW-00011909,Australia
AW-00011910,Australia
AW-00011911,Australia
AW-00011912,Australia
AW-00011913,Australia
AW-00011914,Australia
AW-00011915,Australia
AW-00011916,Australia
AW-00011917,Australia
AW-00011918,Australia
AW-00011919,Australia
AW-00011920,Australia
AW-00011921,Australia
AW-00011922,Canada
AW-00011923,US
AW-00011924,US
AW-00011925,US
AW-00011926,US
AW-00011927,US
AW-00011928,US
AW-00011929,Australia
AW-00011930,Australia
AW-00011931,US
AW-00011932,US
AW-00011933,US
AW-00011934,US
AW-00011935,US
AW-00011936,US
AW-00011937,US
AW-00011938,US
AW-00011939,US
AW-00011940,US
AW-00011941,US
AW-00011942,Australia
AW-00011943,Australia
AW-00011944,Australia
AW-00011945,US
AW-00011946,Australia
AW-00011947,Australia
AW-00011948,Australia
AW-00011949,US
AW-00011950,US
AW-00011951,Australia
AW-00011952,Australia
AW-00011953,US
AW-00011954,US
AW-00011955,US
AW-00011956,US
AW-00011957,US
AW-00011958,US
AW-00011959,US
AW-00011960,US
AW-00011961,US
AW-00011962,US
AW-00011963,Australia
AW-00011964,Australia
AW-00011965,Australia
AW-00011966,Australia
AW-00011967,Australia
AW-00011968,Australia
AW-00011969,Australia
AW-00011970,US
AW-00011971,US
AW-00011972,US
AW-00011973,US
AW-00011974,US
AW-00011975,US
AW-00011976,Australia
AW-00011977,Australia
AW-00011978,US
AW-00011979,Canada
AW-00011980,US
AW-00011981,US
AW-00011982,US
AW-00011983,US
AW-00011984,Canada
AW-00011985,US
AW-00011986,Australia
AW-00011987,Australia
AW-00011988,Australia
AW-00011989,Australia
AW-00011990,Australia
AW-00011991,Australia
AW-00011992,Australia
AW-00011993,Australia
AW-00011994,Australia
AW-00011995,Australia
AW-00011996,Australia
AW-00011997,Australia
AW-00011998,Australia
AW-00011999,Australia
AW-00012000,Australia
AW-00012001,Australia
AW-00012002,Australia
AW-00012003,Australia
AW-00012004,Australia
AW-00012005,Australia
AW-00012006,Australia
AW-00012007,Australia
AW-00012008,Australia
AW-00012009,Australia
AW-00012010,Australia
AW-00012011,Australia
AW-00012012,Australia
AW-00012013,Australia
AW-00012014,Australia
AW-00012015,US
AW-00012016,US
AW-00012017,Canada
AW-00012018,US
AW-00012019,US
AW-00012020,Canada
AW-00012021,Australia
AW-00012022,US
AW-00012023,US
AW-00012024,US
AW-00012025,US
AW-00012026,US
AW-00012027,US
AW-00012028,US
AW-00012029,US
AW-00012030,US
AW-00012031,Canada
AW-00012032,Canada
AW-00012033,US
AW-00012034,Australia
AW-00012035,Australia
AW-00012036,Australia
AW-00012037,Australia
AW-00012038,Australia
AW-00012039,Australia
AW-00012040,US
AW-00012041,US
AW-00012042,US
AW-00012043,US
AW-00012044,US
AW-00012045,US
AW-00012046,US
AW-00012047,US
AW-00012048,US
AW-00012049,US
AW-00012050,US
AW-00012051,US
AW-00012052,US
AW-00012053,US
AW-00012054,Canada
AW-00012055,Canada
AW-00012056,Canada
AW-00012057,US
AW-00012058,US
AW-00012059,US
AW-00012060,Canada
AW-00012061,Canada
AW-00012062,US
AW-00012063,US
AW-00012064,US
AW-00012065,US
AW-00012066,US
AW-00012067,US
AW-00012068,US
AW-00012069,US
AW-00012070,US
AW-00012071,US
AW-00012072,US
AW-00012073,US
AW-00012074,Canada
AW-00012075,US
AW-00012076,US
AW-00012077,Canada
AW-00012078,US
AW-00012079,US
AW-00012080,Canada
AW-00012081,Canada
AW-00012082,US
AW-00012083,US
AW-00012084,US
AW-00012085,US
AW-00012086,Canada
AW-00012087,US
AW-00012088,US
AW-00012089,Canada
AW-00012090,Canada
AW-00012091,US
AW-00012092,US
AW-00012093,US
AW-00012094,US
AW-00012095,US
AW-00012096,US
AW-00012097,Canada
AW-00012098,US
AW-00012099,US
AW-00012100,US
AW-00012101,US
AW-00012102,US
AW-00012103,US
AW-00012104,US
AW-00012105,US
AW-00012106,Canada
AW-00012107,Canada
AW-00012108,US
AW-00012109,US
AW-00012110,US
AW-00012111,US
AW-00012112,US
AW-00012113,Canada
AW-00012114,Canada
AW-00012115,US
AW-00012116,US
AW-00012117,US
AW-00012118,US
AW-00012119,US
AW-00012120,US
AW-00012121,US
AW-00012122,Canada
AW-00012123,United Kingdom
AW-00012124,France
AW-00012125,DE
AW-00012126,United Kingdom
AW-00012127,France
AW-00012128,DE
AW-00012129,DE
AW-00012130,DE
AW-00012131,France
AW-00012132,France
AW-00012133,United Kingdom
AW-00012134,United Kingdom
AW-00012135,US
AW-00012136,Canada
AW-00012137,US
AW-00012138,US
AW-00012139,US
AW-00012140,Canada
AW-00012141,US
AW-00012142,US
AW-00012143,US
AW-00012144,US
AW-00012145,US
AW-00012146,US
AW-00012147,Canada
AW-00012148,US
AW-00012149,US
AW-00012150,US
AW-00012151,US
AW-00012152,US
AW-00012153,US
AW-00012154,Canada
AW-00012155,US
AW-00012156,US
AW-00012157,US
AW-00012158,Canada
AW-00012159,Canada
AW-00012160,US
AW-00012161,US
AW-00012162,US
AW-00012163,US
AW-00012164,US
AW-00012165,Canada
AW-00012166,Canada
AW-00012167,US
AW-00012168,US
AW-00012169,US
AW-00012170,US
AW-00012171,US
AW-00012172,US
AW-00012173,US
AW-00012174,US
AW-00012175,US
AW-00012176,US
AW-00012177,Canada
AW-00012178,US
AW-00012179,US
AW-00012180,US
AW-00012181,US
AW-00012182,Canada
AW-00012183,Canada
AW-00012184,US
AW-00012185,US
AW-00012186,US
AW-00012187,US
AW-00012188,US
AW-00012189,US
AW-00012190,US
AW-00012191,US
AW-00012192,US
AW-00012193,Canada
AW-00012194,US
AW-00012195,US
AW-00012196,Canada
AW-00012197,US
AW-00012198,US
AW-00012199,US
AW-00012200,US
AW-00012201,US
AW-00012202,Canada
AW-00012203,Canada
AW-00012204,US
AW-00012205,US
AW-00012206,US
AW-00012207,US
AW-00012208,US
AW-00012209,US
AW-00012210,United Kingdom
AW-00012211,France
AW-00012212,France
AW-00012213,DE
AW-00012214,United Kingdom
AW-00012215,United Kingdom
AW-00012216,United Kingdom
AW-00012217,France
AW-00012218,DE
AW-00012219,France
AW-00012220,France
AW-00012221,France
AW-00012222,United Kingdom
AW-00012223,DE
AW-00012224,United Kingdom
AW-00012225,DE
AW-00012226,DE
AW-00012227,United Kingdom
AW-00012228,DE
AW-00012229,DE
AW-00012230,DE
AW-00012231,DE
AW-00012232,DE
AW-00012233,United Kingdom
AW-00012234,France
AW-00012235,United Kingdom
AW-00012236,DE
AW-00012237,DE
AW-00012238,DE
AW-00012239,United Kingdom
AW-00012240,Australia
AW-00012241,Australia
AW-00012242,Australia
AW-00012243,Australia
AW-00012244,Australia
AW-00012245,Australia
AW-00012246,Australia
AW-00012247,Australia
AW-00012248,Australia
AW-00012249,Australia
AW-00012250,Australia
AW-00012251,Australia
AW-00012252,Australia
AW-00012253,Australia
AW-00012254,France
AW-00012255,France
AW-00012256,France
AW-00012257,DE
AW-00012258,DE
AW-00012259,United Kingdom
AW-00012260,United Kingdom
AW-00012261,France
AW-00012262,United Kingdom
AW-00012263,United Kingdom
AW-00012264,United Kingdom
AW-00012265,France
AW-00012266,DE
AW-00012267,France
AW-00012268,DE
AW-00012269,France
AW-00012270,DE
AW-00012271,United Kingdom
AW-00012272,United Kingdom
AW-00012273,DE
AW-00012274,France
AW-00012275,DE
AW-00012276,DE
AW-00012277,United Kingdom
AW-00012278,DE
AW-00012279,France
AW-00012280,France
AW-00012281,United Kingdom
AW-00012282,United Kingdom
AW-00012283,United Kingdom
AW-00012284,United Kingdom
AW-00012285,France
AW-00012286,United Kingdom
AW-00012287,United Kingdom
AW-00012288,United Kingdom
AW-00012289,United Kingdom
AW-00012290,France
AW-00012291,DE
AW-00012292,United Kingdom
AW-00012293,United Kingdom
AW-00012294,United Kingdom
AW-00012295,France
AW-00012296,France
AW-00012297,DE
AW-00012298,DE
AW-00012299,United Kingdom
AW-00012300,France
AW-00012301,France
AW-00012302,DE
AW-00012303,United Kingdom
AW-00012304,United Kingdom
AW-00012305,United Kingdom
AW-00012306,DE
AW-00012307,France
AW-00012308,France
AW-00012309,United Kingdom
AW-00012310,United Kingdom
AW-00012311,United Kingdom
AW-00012312,France
AW-00012313,France
AW-00012314,DE
AW-00012315,United Kingdom
AW-00012316,United Kingdom
AW-00012317,United Kingdom
AW-00012318,United Kingdom
AW-00012319,DE
AW-00012320,United Kingdom
AW-00012321,France
AW-00012322,France
AW-00012323,France
AW-00012324,DE
AW-00012325,United Kingdom
AW-00012326,United Kingdom
AW-00012327,DE
AW-00012328,United Kingdom
AW-00012329,United Kingdom
AW-00012330,DE
AW-00012331,France
AW-00012332,France
AW-00012333,France
AW-00012334,United Kingdom
AW-00012335,United Kingdom
AW-00012336,United Kingdom
AW-00012337,Australia
AW-00012338,Australia
AW-00012339,Australia
AW-00012340,Australia
AW-00012341,Australia
AW-00012342,Australia
AW-00012343,Australia
AW-00012344,Australia
AW-00012345,Australia
AW-00012346,Australia
AW-00012347,Australia
AW-00012348,Australia
AW-00012349,Australia
AW-00012350,Australia
AW-00012351,Australia
AW-00012352,Australia
AW-00012353,Australia
AW-00012354,Australia
AW-00012355,Australia
AW-00012356,Australia
AW-00012357,Australia
AW-00012358,Australia
AW-00012359,Australia
AW-00012360,Australia
AW-00012361,Australia
AW-00012362,US
AW-00012363,Canada
AW-00012364,US
AW-00012365,US
AW-00012366,US
AW-00012367,United Kingdom
AW-00012368,France
AW-00012369,Australia
AW-00012370,Australia
AW-00012371,Australia
AW-00012372,Australia
AW-00012373,France
AW-00012374,France
AW-00012375,France
AW-00012376,United Kingdom
AW-00012377,DE
AW-00012378,DE
AW-00012379,DE
AW-00012380,United Kingdom
AW-00012381,United Kingdom
AW-00012382,United Kingdom
AW-00012383,France
AW-00012384,DE
AW-00012385,United Kingdom
AW-00012386,DE
AW-00012387,France
AW-00012388,DE
AW-00012389,France
AW-00012390,DE
AW-00012391,United Kingdom
AW-00012392,United Kingdom
AW-00012393,France
AW-00012394,United Kingdom
AW-00012395,France
AW-00012396,DE
AW-00012397,DE
AW-00012398,France
AW-00012399,DE
AW-00012400,DE
AW-00012401,DE
AW-00012402,United Kingdom
AW-00012403,United Kingdom
AW-00012404,United Kingdom
AW-00012405,United Kingdom
AW-00012406,DE
AW-00012407,DE
AW-00012408,DE
AW-00012409,US
AW-00012410,US
AW-00012411,US
AW-00012412,US
AW-00012413,US
AW-00012414,US
AW-00012415,US
AW-00012416,US
AW-00012417,US
AW-00012418,US
AW-00012419,US
AW-00012420,US
AW-00012421,US
AW-00012422,US
AW-00012423,US
AW-00012424,US
AW-00012425,US
AW-00012426,US
AW-00012427,US
AW-00012428,US
AW-00012429,US
AW-00012430,Canada
AW-00012431,Canada
AW-00012432,US
AW-00012433,US
AW-00012434,US
AW-00012435,US
AW-00012436,US
AW-00012437,US
AW-00012438,US
AW-00012439,US
AW-00012440,US
AW-00012441,US
AW-00012442,US
AW-00012443,US
AW-00012444,Canada
AW-00012445,US
AW-00012446,US
AW-00012447,Canada
AW-00012448,US
AW-00012449,Canada
AW-00012450,US
AW-00012451,Canada
AW-00012452,US
AW-00012453,US
AW-00012454,US
AW-00012455,US
AW-00012456,US
AW-00012457,US
AW-00012458,DE
AW-00012459,United Kingdom
AW-00012460,United Kingdom
AW-00012461,DE
AW-00012462,DE
AW-00012463,United Kingdom
AW-00012464,France
AW-00012465,United Kingdom
AW-00012466,France
AW-00012467,France
AW-00012468,France
AW-00012469,DE
AW-00012470,DE
AW-00012471,DE
AW-00012472,France
AW-00012473,United Kingdom
AW-00012474,France
AW-00012475,DE
AW-00012476,United Kingdom
AW-00012477,France
AW-00012478,DE
AW-00012479,DE
AW-00012480,France
AW-00012481,DE
AW-00012482,France
AW-00012483,France
AW-00012484,DE
AW-00012485,France
AW-00012486,United Kingdom
AW-00012487,DE
AW-00012488,France
AW-00012489,France
AW-00012490,France
AW-00012491,United Kingdom
AW-00012492,United Kingdom
AW-00012493,DE
AW-00012494,France
AW-00012495,DE
AW-00012496,United Kingdom
AW-00012497,DE
AW-00012498,DE
AW-00012499,DE
AW-00012500,DE
AW-00012501,DE
AW-00012502,United Kingdom
AW-00012503,United Kingdom
AW-00012504,United Kingdom
AW-00012505,United Kingdom
AW-00012506,United Kingdom
AW-00012507,DE
AW-00012508,United Kingdom
AW-00012509,France
AW-00012510,France
AW-00012511,France
AW-00012512,DE
AW-00012513,United Kingdom
AW-00012514,France
AW-00012515,France
AW-00012516,DE
AW-00012517,DE
AW-00012518,DE
AW-00012519,United Kingdom
AW-00012520,France
AW-00012521,DE
AW-00012522,France
AW-00012523,France
AW-00012524,France
AW-00012525,United Kingdom
AW-00012526,United Kingdom
AW-00012527,US
AW-00012528,US
AW-00012529,US
AW-00012530,Canada
AW-00012531,US
AW-00012532,Canada
AW-00012533,US
AW-00012534,France
AW-00012535,DE
AW-00012536,DE
AW-00012537,France
AW-00012538,DE
AW-00012539,France
AW-00012540,United Kingdom
AW-00012541,France
AW-00012542,France
AW-00012543,France
AW-00012544,DE
AW-00012545,United Kingdom
AW-00012546,DE
AW-00012547,France
AW-00012548,DE
AW-00012549,France
AW-00012550,United Kingdom
AW-00012551,United Kingdom
AW-00012552,France
AW-00012553,France
AW-00012554,United Kingdom
AW-00012555,France
AW-00012556,DE
AW-00012557,France
AW-00012558,DE
AW-00012559,United Kingdom
AW-00012560,United Kingdom
AW-00012561,France
AW-00012562,France
AW-00012563,United Kingdom
AW-00012564,United Kingdom
AW-00012565,France
AW-00012566,United Kingdom
AW-00012567,United Kingdom
AW-00012568,United Kingdom
AW-00012569,United Kingdom
AW-00012570,Australia
AW-00012571,Australia
AW-00012572,Australia
AW-00012573,Australia
AW-00012574,Australia
AW-00012575,Australia
AW-00012576,Australia
AW-00012577,Australia
AW-00012578,Australia
AW-00012579,Australia
AW-00012580,Australia
AW-00012581,Australia
AW-00012582,Australia
AW-00012583,Australia
AW-00012584,Australia
AW-00012585,Australia
AW-00012586,Australia
AW-00012587,Australia
AW-00012588,Australia
AW-00012589,Australia
AW-00012590,United Kingdom
AW-00012591,DE
AW-00012592,United Kingdom
AW-00012593,United Kingdom
AW-00012594,United Kingdom
AW-00012595,United Kingdom
AW-00012596,United Kingdom
AW-00012597,United Kingdom
AW-00012598,United Kingdom
AW-00012599,United Kingdom
AW-00012600,DE
AW-00012601,United Kingdom
AW-00012602,United Kingdom
AW-00012603,United Kingdom
AW-00012604,DE
AW-00012605,DE
AW-00012606,France
AW-00012607,France
AW-00012608,United Kingdom
AW-00012609,United Kingdom
AW-00012610,United Kingdom
AW-00012611,United Kingdom
AW-00012612,United Kingdom
AW-00012613,France
AW-00012614,France
AW-00012615,United Kingdom
AW-00012616,DE
AW-00012617,DE
AW-00012618,France
AW-00012619,United Kingdom
AW-00012620,France
AW-00012621,France
AW-00012622,United Kingdom
AW-00012623,United Kingdom
AW-00012624,DE
AW-00012625,France
AW-00012626,United Kingdom
AW-00012627,United Kingdom
AW-00012628,France
AW-00012629,DE
AW-00012630,United Kingdom
AW-00012631,France
AW-00012632,France
AW-00012633,United Kingdom
AW-00012634,United Kingdom
AW-00012635,France
AW-00012636,DE
AW-00012637,United Kingdom
AW-00012638,DE
AW-00012639,France
AW-00012640,United Kingdom
AW-00012641,France
AW-00012642,France
AW-00012643,DE
AW-00012644,United Kingdom
AW-00012645,United Kingdom
AW-00012646,DE
AW-00012647,United Kingdom
AW-00012648,United Kingdom
AW-00012649,France
AW-00012650,France
AW-00012651,France
AW-00012652,United Kingdom
AW-00012653,United Kingdom
AW-00012654,United Kingdom
AW-00012655,France
AW-00012656,France
AW-00012657,DE
AW-00012658,United Kingdom
AW-00012659,France
AW-00012660,France
AW-00012661,France
AW-00012662,France
AW-00012663,France
AW-00012664,United Kingdom
AW-00012665,Australia
AW-00012666,Australia
AW-00012667,Australia
AW-00012668,Australia
AW-00012669,Australia
AW-00012670,Australia
AW-00012671,Australia
AW-00012672,Australia
AW-00012673,Australia
AW-00012674,Australia
AW-00012675,Australia
AW-00012676,Australia
AW-00012677,Australia
AW-00012678,Australia
AW-00012679,Australia
AW-00012680,Australia
AW-00012681,Australia
AW-00012682,Australia
AW-00012683,Australia
AW-00012684,Australia
AW-00012685,Australia
AW-00012686,Australia
AW-00012687,Australia
AW-00012688,Australia
AW-00012689,Australia
AW-00012690,Australia
AW-00012691,Australia
AW-00012692,Australia
AW-00012693,Australia
AW-00012694,Australia
AW-00012695,Australia
AW-00012696,Australia
AW-00012697,Australia
AW-00012698,Australia
AW-00012699,Australia
AW-00012700,Australia
AW-00012701,Australia
AW-00012702,Australia
AW-00012703,Australia
AW-00012704,Australia
AW-00012705,Australia
AW-00012706,Australia
AW-00012707,US
AW-00012708,US
AW-00012709,US
AW-00012710,Canada
AW-00012711,France
AW-00012712,DE
AW-00012713,DE
AW-00012714,DE
AW-00012715,Australia
AW-00012716,France
AW-00012717,France
AW-00012718,France
AW-00012719,France
AW-00012720,France
AW-00012721,DE
AW-00012722,DE
AW-00012723,France
AW-00012724,DE
AW-00012725,DE
AW-00012726,DE
AW-00012727,France
AW-00012728,DE
AW-00012729,United Kingdom
AW-00012730,United Kingdom
AW-00012731,DE
AW-00012732,France
AW-00012733,United Kingdom
AW-00012734,France
AW-00012735,DE
AW-00012736,DE
AW-00012737,France
AW-00012738,DE
AW-00012739,United Kingdom
AW-00012740,United Kingdom
AW-00012741,DE
AW-00012742,DE
AW-00012743,United Kingdom
AW-00012744,United Kingdom
AW-00012745,United Kingdom
AW-00012746,United Kingdom
AW-00012747,DE
AW-00012748,France
AW-00012749,France
AW-00012750,France
AW-00012751,DE
AW-00012752,France
AW-00012753,France
AW-00012754,France
AW-00012755,US
AW-00012756,US
AW-00012757,US
AW-00012758,US
AW-00012759,US
AW-00012760,Canada
AW-00012761,US
AW-00012762,US
AW-00012763,Canada
AW-00012764,US
AW-00012765,Canada
AW-00012766,US
AW-00012767,US
AW-00012768,US
AW-00012769,US
AW-00012770,US
AW-00012771,US
AW-00012772,US
AW-00012773,US
AW-00012774,US
AW-00012775,US
AW-00012776,US
AW-00012777,US
AW-00012778,US
AW-00012779,US
AW-00012780,US
AW-00012781,Canada
AW-00012782,Canada
AW-00012783,Canada
AW-00012784,US
AW-00012785,Canada
AW-00012786,US
AW-00012787,US
AW-00012788,US
AW-00012789,US
AW-00012790,US
AW-00012791,US
AW-00012792,US
AW-00012793,US
AW-00012794,US
AW-00012795,Canada
AW-00012796,US
AW-00012797,US
AW-00012798,France
AW-00012799,DE
AW-00012800,DE
AW-00012801,DE
AW-00012802,DE
AW-00012803,United Kingdom
AW-00012804,France
AW-00012805,France
AW-00012806,DE
AW-00012807,DE
AW-00012808,United Kingdom
AW-00012809,DE
AW-00012810,DE
AW-00012811,DE
AW-00012812,France
AW-00012813,DE
AW-00012814,DE
AW-00012815,DE
AW-00012816,DE
AW-00012817,France
AW-00012818,France
AW-00012819,France
AW-00012820,France
AW-00012821,France
AW-00012822,DE
AW-00012823,France
AW-00012824,France
AW-00012825,DE
AW-00012826,DE
AW-00012827,DE
AW-00012828,DE
AW-00012829,DE
AW-00012830,France
AW-00012831,DE
AW-00012832,DE
AW-00012833,DE
AW-00012834,France
AW-00012835,DE
AW-00012836,United Kingdom
AW-00012837,DE
AW-00012838,DE
AW-00012839,United Kingdom
AW-00012840,United Kingdom
AW-00012841,France
AW-00012842,France
AW-00012843,France
AW-00012844,DE
AW-00012845,DE
AW-00012846,DE
AW-00012847,United Kingdom
AW-00012848,United Kingdom
AW-00012849,France
AW-00012850,DE
AW-00012851,France
AW-00012852,DE
AW-00012853,United Kingdom
AW-00012854,United Kingdom
AW-00012855,United Kingdom
AW-00012856,United Kingdom
AW-00012857,United Kingdom
AW-00012858,DE
AW-00012859,United Kingdom
AW-00012860,United Kingdom
AW-00012861,United Kingdom
AW-00012862,France
AW-00012863,DE
AW-00012864,United Kingdom
AW-00012865,United Kingdom
AW-00012866,France
AW-00012867,DE
AW-00012868,France
AW-00012869,France
AW-00012870,DE
AW-00012871,United Kingdom
AW-00012872,DE
AW-00012873,United Kingdom
AW-00012874,United Kingdom
AW-00012875,US
AW-00012876,US
AW-00012877,US
AW-00012878,US
AW-00012879,US
AW-00012880,Canada
AW-00012881,US
AW-00012882,US
AW-00012883,US
AW-00012884,US
AW-00012885,US
AW-00012886,US
AW-00012887,US
AW-00012888,US
AW-00012889,US
AW-00012890,US
AW-00012891,US
AW-00012892,Canada
AW-00012893,US
AW-00012894,US
AW-00012895,Canada
AW-00012896,US
AW-00012897,US
AW-00012898,US
AW-00012899,US
AW-00012900,US
AW-00012901,US
AW-00012902,Canada
AW-00012903,Canada
AW-00012904,US
AW-00012905,US
AW-00012906,US
AW-00012907,US
AW-00012908,US
AW-00012909,US
AW-00012910,US
AW-00012911,US
AW-00012912,US
AW-00012913,US
AW-00012914,Canada
AW-00012915,US
AW-00012916,Canada
AW-00012917,US
AW-00012918,US
AW-00012919,Canada
AW-00012920,US
AW-00012921,US
AW-00012922,US
AW-00012923,US
AW-00012924,US
AW-00012925,US
AW-00012926,US
AW-00012927,US
AW-00012928,Canada
AW-00012929,US
AW-00012930,US
AW-00012931,US
AW-00012932,US
AW-00012933,US
AW-00012934,US
AW-00012935,US
AW-00012936,Canada
AW-00012937,US
AW-00012938,US
AW-00012939,Canada
AW-00012940,US
AW-00012941,US
AW-00012942,US
AW-00012943,US
AW-00012944,Canada
AW-00012945,Canada
AW-00012946,US
AW-00012947,US
AW-00012948,US
AW-00012949,US
AW-00012950,US
AW-00012951,US
AW-00012952,US
AW-00012953,US
AW-00012954,US
AW-00012955,US
AW-00012956,US
AW-00012957,US
AW-00012958,US
AW-00012959,Canada
AW-00012960,US
AW-00012961,US
AW-00012962,US
AW-00012963,US
AW-00012964,Canada
AW-00012965,US
AW-00012966,US
AW-00012967,US
AW-00012968,US
AW-00012969,Canada
AW-00012970,Canada
AW-00012971,US
AW-00012972,Canada
AW-00012973,US
AW-00012974,US
AW-00012975,US
AW-00012976,US
AW-00012977,US
AW-00012978,US
AW-00012979,US
AW-00012980,US
AW-00012981,US
AW-00012982,US
AW-00012983,US
AW-00012984,Canada
AW-00012985,US
AW-00012986,Canada
AW-00012987,Australia
AW-00012988,Australia
AW-00012989,Australia
AW-00012990,Australia
AW-00012991,Australia
AW-00012992,Australia
AW-00012993,Australia
AW-00012994,Australia
AW-00012995,Australia
AW-00012996,Australia
AW-00012997,Australia
AW-00012998,Australia
AW-00012999,Australia
AW-00013000,Australia
AW-00013001,Australia
AW-00013002,Australia
AW-00013003,Australia
AW-00013004,Australia
AW-00013005,Australia
AW-00013006,Australia
AW-00013007,Australia
AW-00013008,Australia
AW-00013009,Australia
AW-00013010,Australia
AW-00013011,Australia
AW-00013012,Australia
AW-00013013,Australia
AW-00013014,US
AW-00013015,US
AW-00013016,US
AW-00013017,US
AW-00013018,Australia
AW-00013019,US
AW-00013020,Australia
AW-00013021,Australia
AW-00013022,Australia
AW-00013023,Australia
AW-00013024,Australia
AW-00013025,Australia
AW-00013026,Australia
AW-00013027,Canada
AW-00013028,US
AW-00013029,US
AW-00013030,US
AW-00013031,US
AW-00013032,US
AW-00013033,US
AW-00013034,Australia
AW-00013035,Australia
AW-00013036,Australia
AW-00013037,Australia
AW-00013038,Australia
AW-00013039,US
AW-00013040,Australia
AW-00013041,Australia
AW-00013042,Australia
AW-00013043,Australia
AW-00013044,Australia
AW-00013045,Australia
AW-00013046,Australia
AW-00013047,Australia
AW-00013048,Australia
AW-00013049,Australia
AW-00013050,Australia
AW-00013051,Australia
AW-00013052,US
AW-00013053,US
AW-00013054,US
AW-00013055,US
AW-00013056,US
AW-00013057,US
AW-00013058,US
AW-00013059,US
AW-00013060,US
AW-00013061,US
AW-00013062,US
AW-00013063,US
AW-00013064,US
AW-00013065,Canada
AW-00013066,US
AW-00013067,US
AW-00013068,US
AW-00013069,US
AW-00013070,US
AW-00013071,Canada
AW-00013072,US
AW-00013073,US
AW-00013074,US
AW-00013075,Australia
AW-00013076,Australia
AW-00013077,Australia
AW-00013078,Australia
AW-00013079,Australia
AW-00013080,Australia
AW-00013081,Australia
AW-00013082,Australia
AW-00013083,US
AW-00013084,Canada
AW-00013085,US
AW-00013086,US
AW-00013087,US
AW-00013088,US
AW-00013089,Australia
AW-00013090,Australia
AW-00013091,Australia
AW-00013092,US
AW-00013093,US
AW-00013094,US
AW-00013095,Canada
AW-00013096,Canada
AW-00013097,US
AW-00013098,US
AW-00013099,US
AW-00013100,US
AW-00013101,Canada
AW-00013102,US
AW-00013103,Australia
AW-00013104,Australia
AW-00013105,Australia
AW-00013106,Australia
AW-00013107,Australia
AW-00013108,Australia
AW-00013109,Australia
AW-00013110,Australia
AW-00013111,Australia
AW-00013112,Australia
AW-00013113,Australia
AW-00013114,Australia
AW-00013115,Australia
AW-00013116,Australia
AW-00013117,Australia
AW-00013118,Australia
AW-00013119,Australia
AW-00013120,Australia
AW-00013121,Australia
AW-00013122,Australia
AW-00013123,Australia
AW-00013124,Australia
AW-00013125,Australia
AW-00013126,Australia
AW-00013127,Australia
AW-00013128,Australia
AW-00013129,Australia
AW-00013130,Australia
AW-00013131,Australia
AW-00013132,Australia
AW-00013133,Australia
AW-00013134,Australia
AW-00013135,Australia
AW-00013136,Australia
AW-00013137,Australia
AW-00013138,Australia
AW-00013139,Australia
AW-00013140,Australia
AW-00013141,Australia
AW-00013142,US
AW-00013143,Canada
AW-00013144,Canada
AW-00013145,US
AW-00013146,US
AW-00013147,US
AW-00013148,Canada
AW-00013149,Australia
AW-00013150,Australia
AW-00013151,US
AW-00013152,US
AW-00013153,US
AW-00013154,US
AW-00013155,Australia
AW-00013156,Australia
AW-00013157,Australia
AW-00013158,Australia
AW-00013159,Australia
AW-00013160,Australia
AW-00013161,US
AW-00013162,US
AW-00013163,US
AW-00013164,US
AW-00013165,US
AW-00013166,US
AW-00013167,US
AW-00013168,US
AW-00013169,US
AW-00013170,US
AW-00013171,US
AW-00013172,US
AW-00013173,US
AW-00013174,US
AW-00013175,Canada
AW-00013176,US
AW-00013177,US
AW-00013178,US
AW-00013179,Canada
AW-00013180,US
AW-00013181,US
AW-00013182,US
AW-00013183,US
AW-00013184,US
AW-00013185,Canada
AW-00013186,US
AW-00013187,US
AW-00013188,US
AW-00013189,US
AW-00013190,US
AW-00013191,US
AW-00013192,US
AW-00013193,US
AW-00013194,US
AW-00013195,US
AW-00013196,US
AW-00013197,Canada
AW-00013198,Canada
AW-00013199,Canada
AW-00013200,US
AW-00013201,Canada
AW-00013202,US
AW-00013203,US
AW-00013204,US
AW-00013205,US
AW-00013206,Canada
AW-00013207,US
AW-00013208,US
AW-00013209,Canada
AW-00013210,US
AW-00013211,US
AW-00013212,US
AW-00013213,US
AW-00013214,US
AW-00013215,US
AW-00013216,US
AW-00013217,Canada
AW-00013218,US
AW-00013219,US
AW-00013220,US
AW-00013221,US
AW-00013222,Canada
AW-00013223,US
AW-00013224,US
AW-00013225,US
AW-00013226,US
AW-00013227,US
AW-00013228,US
AW-00013229,US
AW-00013230,US
AW-00013231,Canada
AW-00013232,US
AW-00013233,US
AW-00013234,US
AW-00013235,US
AW-00013236,US
AW-00013237,US
AW-00013238,US
AW-00013239,Canada
AW-00013240,US
AW-00013241,Canada
AW-00013242,US
AW-00013243,US
AW-00013244,US
AW-00013245,US
AW-00013246,US
AW-00013247,US
AW-00013248,US
AW-00013249,Canada
AW-00013250,US
AW-00013251,United Kingdom
AW-00013252,United Kingdom
AW-00013253,United Kingdom
AW-00013254,United Kingdom
AW-00013255,DE
AW-00013256,DE
AW-00013257,DE
AW-00013258,DE
AW-00013259,DE
AW-00013260,DE
AW-00013261,DE
AW-00013262,United Kingdom
AW-00013263,France
AW-00013264,DE
AW-00013265,DE
AW-00013266,US
AW-00013267,Canada
AW-00013268,Canada
AW-00013269,US
AW-00013270,Canada
AW-00013271,Canada
AW-00013272,US
AW-00013273,US
AW-00013274,US
AW-00013275,US
AW-00013276,US
AW-00013277,US
AW-00013278,US
AW-00013279,US
AW-00013280,US
AW-00013281,US
AW-00013282,US
AW-00013283,US
AW-00013284,Canada
AW-00013285,Canada
AW-00013286,US
AW-00013287,US
AW-00013288,US
AW-00013289,Canada
AW-00013290,Canada
AW-00013291,US
AW-00013292,US
AW-00013293,US
AW-00013294,US
AW-00013295,US
AW-00013296,US
AW-00013297,US
AW-00013298,US
AW-00013299,US
AW-00013300,US
AW-00013301,US
AW-00013302,US
AW-00013303,Canada
AW-00013304,US
AW-00013305,US
AW-00013306,US
AW-00013307,US
AW-00013308,US
AW-00013309,US
AW-00013310,US
AW-00013311,US
AW-00013312,US
AW-00013313,US
AW-00013314,US
AW-00013315,US
AW-00013316,US
AW-00013317,US
AW-00013318,Canada
AW-00013319,US
AW-00013320,US
AW-00013321,US
AW-00013322,US
AW-00013323,US
AW-00013324,US
AW-00013325,US
AW-00013326,US
AW-00013327,US
AW-00013328,Canada
AW-00013329,US
AW-00013330,Canada
AW-00013331,US
AW-00013332,US
AW-00013333,US
AW-00013334,US
AW-00013335,US
AW-00013336,US
AW-00013337,US
AW-00013338,US
AW-00013339,US
AW-00013340,US
AW-00013341,US
AW-00013342,US
AW-00013343,Canada
AW-00013344,US
AW-00013345,Canada
AW-00013346,US
AW-00013347,US
AW-00013348,US
AW-00013349,US
AW-00013350,Canada
AW-00013351,US
AW-00013352,US
AW-00013353,US
AW-00013354,US
AW-00013355,US
AW-00013356,US
AW-00013357,US
AW-00013358,Canada
AW-00013359,US
AW-00013360,US
AW-00013361,US
AW-00013362,US
AW-00013363,US
AW-00013364,US
AW-00013365,US
AW-00013366,Canada
AW-00013367,US
AW-00013368,US
AW-00013369,US
AW-00013370,US
AW-00013371,US
AW-00013372,US
AW-00013373,US
AW-00013374,US
AW-00013375,US
AW-00013376,US
AW-00013377,US
AW-00013378,US
AW-00013379,US
AW-00013380,US
AW-00013381,US
AW-00013382,US
AW-00013383,US
AW-00013384,US
AW-00013385,US
AW-00013386,US
AW-00013387,US
AW-00013388,US
AW-00013389,US
AW-00013390,US
AW-00013391,Canada
AW-00013392,US
AW-00013393,US
AW-00013394,US
AW-00013395,US
AW-00013396,US
AW-00013397,US
AW-00013398,US
AW-00013399,US
AW-00013400,US
AW-00013401,US
AW-00013402,US
AW-00013403,US
AW-00013404,United Kingdom
AW-00013405,France
AW-00013406,DE
AW-00013407,United Kingdom
AW-00013408,United Kingdom
AW-00013409,France
AW-00013410,DE
AW-00013411,United Kingdom
AW-00013412,United Kingdom
AW-00013413,US
AW-00013414,US
AW-00013415,US
AW-00013416,US
AW-00013417,US
AW-00013418,Canada
AW-00013419,US
AW-00013420,US
AW-00013421,US
AW-00013422,US
AW-00013423,Canada
AW-00013424,US
AW-00013425,US
AW-00013426,US
AW-00013427,US
AW-00013428,US
AW-00013429,US
AW-00013430,US
AW-00013431,US
AW-00013432,US
AW-00013433,US
AW-00013434,Canada
AW-00013435,US
AW-00013436,US
AW-00013437,US
AW-00013438,US
AW-00013439,US
AW-00013440,Canada
AW-00013441,US
AW-00013442,US
AW-00013443,US
AW-00013444,US
AW-00013445,US
AW-00013446,US
AW-00013447,US
AW-00013448,US
AW-00013449,US
AW-00013450,US
AW-00013451,US
AW-00013452,US
AW-00013453,US
AW-00013454,US
AW-00013455,US
AW-00013456,US
AW-00013457,US
AW-00013458,US
AW-00013459,US
AW-00013460,Canada
AW-00013461,US
AW-00013462,US
AW-00013463,US
AW-00013464,US
AW-00013465,US
AW-00013466,Canada
AW-00013467,US
AW-00013468,US
AW-00013469,US
AW-00013470,US
AW-00013471,US
AW-00013472,US
AW-00013473,US
AW-00013474,Canada
AW-00013475,US
AW-00013476,US
AW-00013477,US
AW-00013478,US
AW-00013479,US
AW-00013480,US
AW-00013481,US
AW-00013482,US
AW-00013483,US
AW-00013484,US
AW-00013485,US
AW-00013486,Canada
AW-00013487,US
AW-00013488,US
AW-00013489,US
AW-00013490,US
AW-00013491,Canada
AW-00013492,US
AW-00013493,United Kingdom
AW-00013494,DE
AW-00013495,United Kingdom
AW-00013496,France
AW-00013497,DE
AW-00013498,France
AW-00013499,France
AW-00013500,DE
AW-00013501,DE
AW-00013502,DE
AW-00013503,United Kingdom
AW-00013504,France
AW-00013505,United Kingdom
AW-00013506,France
AW-00013507,United Kingdom
AW-00013508,France
AW-00013509,United Kingdom
AW-00013510,France
AW-00013511,France
AW-00013512,France
AW-00013513,DE
AW-00013514,DE
AW-00013515,DE
AW-00013516,United Kingdom
AW-00013517,United Kingdom
AW-00013518,Australia
AW-00013519,Australia
AW-00013520,Australia
AW-00013521,Australia
AW-00013522,Australia
AW-00013523,Australia
AW-00013524,Australia
AW-00013525,Australia
AW-00013526,Australia
AW-00013527,Australia
AW-00013528,Australia
AW-00013529,Australia
AW-00013530,United Kingdom
AW-00013531,France
AW-00013532,DE
AW-00013533,United Kingdom
AW-00013534,United Kingdom
AW-00013535,United Kingdom
AW-00013536,France
AW-00013537,France
AW-00013538,DE
AW-00013539,United Kingdom
AW-00013540,DE
AW-00013541,DE
AW-00013542,DE
AW-00013543,DE
AW-00013544,United Kingdom
AW-00013545,DE
AW-00013546,DE
AW-00013547,United Kingdom
AW-00013548,DE
AW-00013549,France
AW-00013550,France
AW-00013551,United Kingdom
AW-00013552,France
AW-00013553,United Kingdom
AW-00013554,United Kingdom
AW-00013555,France
AW-00013556,France
AW-00013557,United Kingdom
AW-00013558,France
AW-00013559,DE
AW-00013560,DE
AW-00013561,United Kingdom
AW-00013562,United Kingdom
AW-00013563,United Kingdom
AW-00013564,France
AW-00013565,France
AW-00013566,DE
AW-00013567,DE
AW-00013568,France
AW-00013569,DE
AW-00013570,DE
AW-00013571,France
AW-00013572,DE
AW-00013573,France
AW-00013574,DE
AW-00013575,France
AW-00013576,United Kingdom
AW-00013577,France
AW-00013578,France
AW-00013579,DE
AW-00013580,DE
AW-00013581,United Kingdom
AW-00013582,United Kingdom
AW-00013583,United Kingdom
AW-00013584,United Kingdom
AW-00013585,United Kingdom
AW-00013586,United Kingdom
AW-00013587,DE
AW-00013588,DE
AW-00013589,France
AW-00013590,United Kingdom
AW-00013591,United Kingdom
AW-00013592,France
AW-00013593,DE
AW-00013594,DE
AW-00013595,France
AW-00013596,France
AW-00013597,DE
AW-00013598,DE
AW-00013599,United Kingdom
AW-00013600,United Kingdom
AW-00013601,DE
AW-00013602,United Kingdom
AW-00013603,United Kingdom
AW-00013604,United Kingdom
AW-00013605,France
AW-00013606,DE
AW-00013607,DE
AW-00013608,DE
AW-00013609,United Kingdom
AW-00013610,France
AW-00013611,France
AW-00013612,United Kingdom
AW-00013613,Australia
AW-00013614,Australia
AW-00013615,Australia
AW-00013616,Australia
AW-00013617,Australia
AW-00013618,Australia
AW-00013619,Australia
AW-00013620,Australia
AW-00013621,Australia
AW-00013622,Australia
AW-00013623,Australia
AW-00013624,Australia
AW-00013625,Australia
AW-00013626,Australia
AW-00013627,Australia
AW-00013628,Australia
AW-00013629,Australia
AW-00013630,Australia
AW-00013631,Australia
AW-00013632,Australia
AW-00013633,Australia
AW-00013634,Australia
AW-00013635,Australia
AW-00013636,Australia
AW-00013637,Australia
AW-00013638,Australia
AW-00013639,Australia
AW-00013640,Australia
AW-00013641,Australia
AW-00013642,Australia
AW-00013643,Australia
AW-00013644,Australia
AW-00013645,Australia
AW-00013646,Australia
AW-00013647,Australia
AW-00013648,Australia
AW-00013649,Australia
AW-00013650,Australia
AW-00013651,Australia
AW-00013652,US
AW-00013653,US
AW-00013654,US
AW-00013655,US
AW-00013656,US
AW-00013657,US
AW-00013658,US
AW-00013659,US
AW-00013660,Canada
AW-00013661,United Kingdom
AW-00013662,France
AW-00013663,DE
AW-00013664,United Kingdom
AW-00013665,United Kingdom
AW-00013666,DE
AW-00013667,France
AW-00013668,Australia
AW-00013669,Australia
AW-00013670,Australia
AW-00013671,DE
AW-00013672,France
AW-00013673,France
AW-00013674,France
AW-00013675,United Kingdom
AW-00013676,United Kingdom
AW-00013677,DE
AW-00013678,United Kingdom
AW-00013679,United Kingdom
AW-00013680,United Kingdom
AW-00013681,France
AW-00013682,DE
AW-00013683,DE
AW-00013684,DE
AW-00013685,DE
AW-00013686,DE
AW-00013687,United Kingdom
AW-00013688,United Kingdom
AW-00013689,United Kingdom
AW-00013690,United Kingdom
AW-00013691,United Kingdom
AW-00013692,United Kingdom
AW-00013693,United Kingdom
AW-00013694,United Kingdom
AW-00013695,France
AW-00013696,DE
AW-00013697,DE
AW-00013698,DE
AW-00013699,US
AW-00013700,US
AW-00013701,Canada
AW-00013702,US
AW-00013703,US
AW-00013704,US
AW-00013705,US
AW-00013706,Canada
AW-00013707,Canada
AW-00013708,Canada
AW-00013709,Canada
AW-00013710,Canada
AW-00013711,Canada
AW-00013712,US
AW-00013713,US
AW-00013714,US
AW-00013715,US
AW-00013716,US
AW-00013717,US
AW-00013718,US
AW-00013719,Canada
AW-00013720,Canada
AW-00013721,US
AW-00013722,US
AW-00013723,US
AW-00013724,US
AW-00013725,US
AW-00013726,US
AW-00013727,US
AW-00013728,US
AW-00013729,US
AW-00013730,US
AW-00013731,US
AW-00013732,Canada
AW-00013733,US
AW-00013734,US
AW-00013735,US
AW-00013736,US
AW-00013737,US
AW-00013738,US
AW-00013739,US
AW-00013740,US
AW-00013741,US
AW-00013742,US
AW-00013743,Canada
AW-00013744,US
AW-00013745,US
AW-00013746,US
AW-00013747,US
AW-00013748,US
AW-00013749,US
AW-00013750,US
AW-00013751,Canada
AW-00013752,US
AW-00013753,US
AW-00013754,US
AW-00013755,US
AW-00013756,Canada
AW-00013757,US
AW-00013758,Canada
AW-00013759,US
AW-00013760,Canada
AW-00013761,US
AW-00013762,Canada
AW-00013763,US
AW-00013764,France
AW-00013765,United Kingdom
AW-00013766,France
AW-00013767,DE
AW-00013768,France
AW-00013769,France
AW-00013770,DE
AW-00013771,DE
AW-00013772,United Kingdom
AW-00013773,France
AW-00013774,DE
AW-00013775,DE
AW-00013776,United Kingdom
AW-00013777,United Kingdom
AW-00013778,DE
AW-00013779,France
AW-00013780,France
AW-00013781,France
AW-00013782,DE
AW-00013783,United Kingdom
AW-00013784,United Kingdom
AW-00013785,United Kingdom
AW-00013786,DE
AW-00013787,DE
AW-00013788,United Kingdom
AW-00013789,DE
AW-00013790,DE
AW-00013791,United Kingdom
AW-00013792,United Kingdom
AW-00013793,France
AW-00013794,United Kingdom
AW-00013795,DE
AW-00013796,DE
AW-00013797,DE
AW-00013798,United Kingdom
AW-00013799,France
AW-00013800,France
AW-00013801,France
AW-00013802,France
AW-00013803,DE
AW-00013804,United Kingdom
AW-00013805,United Kingdom
AW-00013806,France
AW-00013807,DE
AW-00013808,DE
AW-00013809,United Kingdom
AW-00013810,United Kingdom
AW-00013811,France
AW-00013812,France
AW-00013813,France
AW-00013814,United Kingdom
AW-00013815,United Kingdom
AW-00013816,United Kingdom
AW-00013817,France
AW-00013818,France
AW-00013819,France
AW-00013820,United Kingdom
AW-00013821,United Kingdom
AW-00013822,DE
AW-00013823,France
AW-00013824,DE
AW-00013825,France
AW-00013826,DE
AW-00013827,DE
AW-00013828,DE
AW-00013829,DE
AW-00013830,United Kingdom
AW-00013831,France
AW-00013832,France
AW-00013833,France
AW-00013834,France
AW-00013835,France
AW-00013836,DE
AW-00013837,DE
AW-00013838,United Kingdom
AW-00013839,France
AW-00013840,France
AW-00013841,United Kingdom
AW-00013842,DE
AW-00013843,France
AW-00013844,DE
AW-00013845,United Kingdom
AW-00013846,United Kingdom
AW-00013847,United Kingdom
AW-00013848,US
AW-00013849,US
AW-00013850,US
AW-00013851,Canada
AW-00013852,Canada
AW-00013853,Canada
AW-00013854,US
AW-00013855,US
AW-00013856,US
AW-00013857,US
AW-00013858,US
AW-00013859,US
AW-00013860,Canada
AW-00013861,US
AW-00013862,US
AW-00013863,US
AW-00013864,US
AW-00013865,US
AW-00013866,US
AW-00013867,US
AW-00013868,US
AW-00013869,US
AW-00013870,US
AW-00013871,US
AW-00013872,US
AW-00013873,US
AW-00013874,US
AW-00013875,US
AW-00013876,US
AW-00013877,US
AW-00013878,Canada
AW-00013879,US
AW-00013880,US
AW-00013881,US
AW-00013882,US
AW-00013883,US
AW-00013884,US
AW-00013885,US
AW-00013886,US
AW-00013887,US
AW-00013888,US
AW-00013889,US
AW-00013890,US
AW-00013891,US
AW-00013892,US
AW-00013893,US
AW-00013894,US
AW-00013895,US
AW-00013896,US
AW-00013897,US
AW-00013898,US
AW-00013899,US
AW-00013900,US
AW-00013901,US
AW-00013902,US
AW-00013903,US
AW-00013904,US
AW-00013905,US
AW-00013906,US
AW-00013907,US
AW-00013908,Canada
AW-00013909,Canada
AW-00013910,US
AW-00013911,US
AW-00013912,US
AW-00013913,US
AW-00013914,US
AW-00013915,US
AW-00013916,Canada
AW-00013917,US
AW-00013918,Canada
AW-00013919,US
AW-00013920,Canada
AW-00013921,US
AW-00013922,US
AW-00013923,US
AW-00013924,US
AW-00013925,US
AW-00013926,US
AW-00013927,US
AW-00013928,US
AW-00013929,US
AW-00013930,US
AW-00013931,US
AW-00013932,US
AW-00013933,US
AW-00013934,US
AW-00013935,US
AW-00013936,Canada
AW-00013937,US
AW-00013938,US
AW-00013939,US
AW-00013940,US
AW-00013941,Canada
AW-00013942,US
AW-00013943,US
AW-00013944,Canada
AW-00013945,US
AW-00013946,US
AW-00013947,US
AW-00013948,US
AW-00013949,US
AW-00013950,US
AW-00013951,US
AW-00013952,Australia
AW-00013953,Australia
AW-00013954,Australia
AW-00013955,Australia
AW-00013956,Australia
AW-00013957,Australia
AW-00013958,Australia
AW-00013959,Australia
AW-00013960,Australia
AW-00013961,Australia
AW-00013962,Australia
AW-00013963,Australia
AW-00013964,Australia
AW-00013965,Australia
AW-00013966,Australia
AW-00013967,Australia
AW-00013968,Australia
AW-00013969,Australia
AW-00013970,Australia
AW-00013971,Australia
AW-00013972,Australia
AW-00013973,Australia
AW-00013974,Australia
AW-00013975,Australia
AW-00013976,US
AW-00013977,US
AW-00013978,US
AW-00013979,US
AW-00013980,US
AW-00013981,Australia
AW-00013982,Australia
AW-00013983,Australia
AW-00013984,US
AW-00013985,US
AW-00013986,US
AW-00013987,Canada
AW-00013988,Canada
AW-00013989,US
AW-00013990,US
AW-00013991,US
AW-00013992,US
AW-00013993,US
AW-00013994,Australia
AW-00013995,Australia
AW-00013996,Australia
AW-00013997,Australia
AW-00013998,Australia
AW-00013999,US
AW-00014000,US
AW-00014001,US
AW-00014002,US
AW-00014003,US
AW-00014004,US
AW-00014005,US
AW-00014006,US
AW-00014007,Australia
AW-00014008,Australia
AW-00014009,Australia
AW-00014010,Australia
AW-00014011,Australia
AW-00014012,Australia
AW-00014013,Australia
AW-00014014,Australia
AW-00014015,Australia
AW-00014016,Australia
AW-00014017,US
AW-00014018,Australia
AW-00014019,Australia
AW-00014020,Australia
AW-00014021,US
AW-00014022,US
AW-00014023,US
AW-00014024,US
AW-00014025,US
AW-00014026,US
AW-00014027,US
AW-00014028,US
AW-00014029,US
AW-00014030,Australia
AW-00014031,Australia
AW-00014032,Australia
AW-00014033,Australia
AW-00014034,Australia
AW-00014035,US
AW-00014036,US
AW-00014037,US
AW-00014038,Australia
AW-00014039,Australia
AW-00014040,US
AW-00014041,Canada
AW-00014042,US
AW-00014043,US
AW-00014044,US
AW-00014045,Australia
AW-00014046,Australia
AW-00014047,Australia
AW-00014048,Australia
AW-00014049,Australia
AW-00014050,Australia
AW-00014051,Australia
AW-00014052,Australia
AW-00014053,Australia
AW-00014054,Australia
AW-00014055,Australia
AW-00014056,Australia
AW-00014057,Australia
AW-00014058,Australia
AW-00014059,Australia
AW-00014060,Australia
AW-00014061,Australia
AW-00014062,Australia
AW-00014063,Australia
AW-00014064,Australia
AW-00014065,Australia
AW-00014066,Australia
AW-00014067,Australia
AW-00014068,Australia
AW-00014069,Australia
AW-00014070,Australia
AW-00014071,Australia
AW-00014072,Australia
AW-00014073,Australia
AW-00014074,Australia
AW-00014075,US
AW-00014076,US
AW-00014077,Canada
AW-00014078,Canada
AW-00014079,Canada
AW-00014080,US
AW-00014081,US
AW-00014082,US
AW-00014083,US
AW-00014084,Canada
AW-00014085,US
AW-00014086,Australia
AW-00014087,Australia
AW-00014088,US
AW-00014089,US
AW-00014090,US
AW-00014091,Canada
AW-00014092,US
AW-00014093,US
AW-00014094,US
AW-00014095,US
AW-00014096,Canada
AW-00014097,US
AW-00014098,US
AW-00014099,Australia
AW-00014100,Australia
AW-00014101,Australia
AW-00014102,Australia
AW-00014103,Australia
AW-00014104,US
AW-00014105,US
AW-00014106,US
AW-00014107,Canada
AW-00014108,Canada
AW-00014109,US
AW-00014110,Canada
AW-00014111,US
AW-00014112,US
AW-00014113,US
AW-00014114,US
AW-00014115,US
AW-00014116,US
AW-00014117,US
AW-00014118,Canada
AW-00014119,Canada
AW-00014120,US
AW-00014121,US
AW-00014122,US
AW-00014123,Australia
AW-00014124,Australia
AW-00014125,Australia
AW-00014126,Australia
AW-00014127,Australia
AW-00014128,Australia
AW-00014129,Australia
AW-00014130,Australia
AW-00014131,Australia
AW-00014132,Australia
AW-00014133,Australia
AW-00014134,Australia
AW-00014135,France
AW-00014136,France
AW-00014137,DE
AW-00014138,DE
AW-00014139,DE
AW-00014140,DE
AW-00014141,France
AW-00014142,DE
AW-00014143,United Kingdom
AW-00014144,France
AW-00014145,France
AW-00014146,United Kingdom
AW-00014147,DE
AW-00014148,DE
AW-00014149,DE
AW-00014150,United Kingdom
AW-00014151,France
AW-00014152,France
AW-00014153,DE
AW-00014154,France
AW-00014155,United Kingdom
AW-00014156,United Kingdom
AW-00014157,United Kingdom
AW-00014158,United Kingdom
AW-00014159,United Kingdom
AW-00014160,DE
AW-00014161,DE
AW-00014162,DE
AW-00014163,DE
AW-00014164,DE
AW-00014165,United Kingdom
AW-00014166,France
AW-00014167,DE
AW-00014168,France
AW-00014169,France
AW-00014170,France
AW-00014171,DE
AW-00014172,United Kingdom
AW-00014173,France
AW-00014174,DE
AW-00014175,United Kingdom
AW-00014176,France
AW-00014177,France
AW-00014178,France
AW-00014179,DE
AW-00014180,DE
AW-00014181,DE
AW-00014182,DE
AW-00014183,United Kingdom
AW-00014184,United Kingdom
AW-00014185,France
AW-00014186,France
AW-00014187,DE
AW-00014188,France
AW-00014189,DE
AW-00014190,DE
AW-00014191,United Kingdom
AW-00014192,France
AW-00014193,DE
AW-00014194,United Kingdom
AW-00014195,United Kingdom
AW-00014196,United Kingdom
AW-00014197,DE
AW-00014198,DE
AW-00014199,United Kingdom
AW-00014200,France
AW-00014201,France
AW-00014202,DE
AW-00014203,France
AW-00014204,France
AW-00014205,France
AW-00014206,DE
AW-00014207,DE
AW-00014208,United Kingdom
AW-00014209,Australia
AW-00014210,Australia
AW-00014211,Australia
AW-00014212,Australia
AW-00014213,Australia
AW-00014214,Australia
AW-00014215,Australia
AW-00014216,Australia
AW-00014217,Australia
AW-00014218,Australia
AW-00014219,Australia
AW-00014220,Australia
AW-00014221,Australia
AW-00014222,Australia
AW-00014223,Australia
AW-00014224,Australia
AW-00014225,Australia
AW-00014226,Australia
AW-00014227,Australia
AW-00014228,Australia
AW-00014229,Australia
AW-00014230,Australia
AW-00014231,Australia
AW-00014232,Australia
AW-00014233,Australia
AW-00014234,Australia
AW-00014235,Australia
AW-00014236,Australia
AW-00014237,Australia
AW-00014238,Australia
AW-00014239,US
AW-00014240,US
AW-00014241,US
AW-00014242,US
AW-00014243,US
AW-00014244,Canada
AW-00014245,US
AW-00014246,US
AW-00014247,US
AW-00014248,US
AW-00014249,US
AW-00014250,US
AW-00014251,US
AW-00014252,US
AW-00014253,US
AW-00014254,US
AW-00014255,US
AW-00014256,US
AW-00014257,US
AW-00014258,US
AW-00014259,Australia
AW-00014260,Australia
AW-00014261,Australia
AW-00014262,Australia
AW-00014263,Australia
AW-00014264,Australia
AW-00014265,Canada
AW-00014266,US
AW-00014267,US
AW-00014268,US
AW-00014269,US
AW-00014270,US
AW-00014271,US
AW-00014272,US
AW-00014273,US
AW-00014274,Canada
AW-00014275,Australia
AW-00014276,Australia
AW-00014277,Australia
AW-00014278,Australia
AW-00014279,Australia
AW-00014280,US
AW-00014281,Canada
AW-00014282,Canada
AW-00014283,US
AW-00014284,US
AW-00014285,US
AW-00014286,Australia
AW-00014287,Australia
AW-00014288,US
AW-00014289,US
AW-00014290,US
AW-00014291,Canada
AW-00014292,US
AW-00014293,US
AW-00014294,US
AW-00014295,US
AW-00014296,US
AW-00014297,US
AW-00014298,US
AW-00014299,Australia
AW-00014300,Australia
AW-00014301,Australia
AW-00014302,Australia
AW-00014303,Australia
AW-00014304,Australia
AW-00014305,Australia
AW-00014306,Australia
AW-00014307,Australia
AW-00014308,Australia
AW-00014309,Australia
AW-00014310,Australia
AW-00014311,Australia
AW-00014312,Australia
AW-00014313,Australia
AW-00014314,Australia
AW-00014315,Australia
AW-00014316,Australia
AW-00014317,Australia
AW-00014318,Australia
AW-00014319,Australia
AW-00014320,Australia
AW-00014321,Australia
AW-00014322,Australia
AW-00014323,Australia
AW-00014324,Australia
AW-00014325,Australia
AW-00014326,Australia
AW-00014327,US
AW-00014328,Canada
AW-00014329,US
AW-00014330,Canada
AW-00014331,US
AW-00014332,Canada
AW-00014333,US
AW-00014334,US
AW-00014335,US
AW-00014336,US
AW-00014337,US
AW-00014338,Canada
AW-00014339,US
AW-00014340,US
AW-00014341,Canada
AW-00014342,US
AW-00014343,US
AW-00014344,Australia
AW-00014345,Australia
AW-00014346,Australia
AW-00014347,Australia
AW-00014348,Australia
AW-00014349,US
AW-00014350,US
AW-00014351,US
AW-00014352,US
AW-00014353,Canada
AW-00014354,US
AW-00014355,US
AW-00014356,US
AW-00014357,US
AW-00014358,US
AW-00014359,Canada
AW-00014360,US
AW-00014361,US
AW-00014362,US
AW-00014363,Canada
AW-00014364,US
AW-00014365,US
AW-00014366,US
AW-00014367,US
AW-00014368,US
AW-00014369,US
AW-00014370,Canada
AW-00014371,Canada
AW-00014372,US
AW-00014373,US
AW-00014374,US
AW-00014375,US
AW-00014376,US
AW-00014377,US
AW-00014378,US
AW-00014379,US
AW-00014380,US
AW-00014381,US
AW-00014382,US
AW-00014383,US
AW-00014384,US
AW-00014385,US
AW-00014386,US
AW-00014387,Canada
AW-00014388,US
AW-00014389,US
AW-00014390,US
AW-00014391,US
AW-00014392,US
AW-00014393,US
AW-00014394,US
AW-00014395,US
AW-00014396,US
AW-00014397,US
AW-00014398,US
AW-00014399,US
AW-00014400,US
AW-00014401,US
AW-00014402,US
AW-00014403,US
AW-00014404,US
AW-00014405,US
AW-00014406,US
AW-00014407,US
AW-00014408,US
AW-00014409,US
AW-00014410,US
AW-00014411,US
AW-00014412,US
AW-00014413,US
AW-00014414,US
AW-00014415,US
AW-00014416,Canada
AW-00014417,US
AW-00014418,US
AW-00014419,US
AW-00014420,US
AW-00014421,US
AW-00014422,DE
AW-00014423,United Kingdom
AW-00014424,France
AW-00014425,DE
AW-00014426,DE
AW-00014427,United Kingdom
AW-00014428,DE
AW-00014429,United Kingdom
AW-00014430,US
AW-00014431,US
AW-00014432,US
AW-00014433,US
AW-00014434,US
AW-00014435,US
AW-00014436,Canada
AW-00014437,US
AW-00014438,US
AW-00014439,US
AW-00014440,US
AW-00014441,US
AW-00014442,US
AW-00014443,US
AW-00014444,US
AW-00014445,US
AW-00014446,Canada
AW-00014447,US
AW-00014448,US
AW-00014449,US
AW-00014450,US
AW-00014451,US
AW-00014452,US
AW-00014453,US
AW-00014454,US
AW-00014455,Canada
AW-00014456,US
AW-00014457,US
AW-00014458,Canada
AW-00014459,Canada
AW-00014460,US
AW-00014461,US
AW-00014462,US
AW-00014463,US
AW-00014464,US
AW-00014465,US
AW-00014466,US
AW-00014467,US
AW-00014468,US
AW-00014469,US
AW-00014470,US
AW-00014471,US
AW-00014472,US
AW-00014473,US
AW-00014474,US
AW-00014475,US
AW-00014476,US
AW-00014477,US
AW-00014478,Canada
AW-00014479,US
AW-00014480,Canada
AW-00014481,US
AW-00014482,US
AW-00014483,US
AW-00014484,US
AW-00014485,US
AW-00014486,USA
AW-00014487,USA
AW-00014488,USA
AW-00014489,USA
AW-00014490,USA
AW-00014491,USA
AW-00014492,USA
AW-00014493,USA
AW-00014494,USA
AW-00014495,USA
AW-00014496,Canada
AW-00014497,Canada
AW-00014498,USA
AW-00014499,USA
AW-00014500,USA
AW-00014501,USA
AW-00014502,Canada
AW-00014503,USA
AW-00014504,Canada
AW-00014505,USA
AW-00014506,USA
AW-00014507,USA
AW-00014508,USA
AW-00014509,USA
AW-00014510,USA
AW-00014511,USA
AW-00014512,USA
AW-00014513,USA
AW-00014514,USA
AW-00014515,USA
AW-00014516,Australia
AW-00014517,Australia
AW-00014518,Australia
AW-00014519,USA
AW-00014520,USA
AW-00014521,Australia
AW-00014522,Australia
AW-00014523,Australia
AW-00014524,France
AW-00014525,United Kingdom
AW-00014526,DE
AW-00014527,DE
AW-00014528,DE
AW-00014529,United Kingdom
AW-00014530,United Kingdom
AW-00014531,United Kingdom
AW-00014532,France
AW-00014533,United Kingdom
AW-00014534,France
AW-00014535,United Kingdom
AW-00014536,France
AW-00014537,DE
AW-00014538,France
AW-00014539,France
AW-00014540,United Kingdom
AW-00014541,DE
AW-00014542,United Kingdom
AW-00014543,DE
AW-00014544,France
AW-00014545,United Kingdom
AW-00014546,United Kingdom
AW-00014547,United Kingdom
AW-00014548,France
AW-00014549,DE
AW-00014550,France
AW-00014551,DE
AW-00014552,United Kingdom
AW-00014553,United Kingdom
AW-00014554,United Kingdom
AW-00014555,France
AW-00014556,France
AW-00014557,Australia
AW-00014558,USA
AW-00014559,USA
AW-00014560,USA
AW-00014561,Canada
AW-00014562,USA
AW-00014563,USA
AW-00014564,USA
AW-00014565,USA
AW-00014566,Canada
AW-00014567,Canada
AW-00014568,USA
AW-00014569,USA
AW-00014570,USA
AW-00014571,USA
AW-00014572,USA
AW-00014573,USA
AW-00014574,Canada
AW-00014575,USA
AW-00014576,USA
AW-00014577,USA
AW-00014578,Canada
AW-00014579,USA
AW-00014580,USA
AW-00014581,USA
AW-00014582,Canada
AW-00014583,USA
AW-00014584,USA
AW-00014585,USA
AW-00014586,Canada
AW-00014587,USA
AW-00014588,USA
AW-00014589,USA
AW-00014590,USA
AW-00014591,USA
AW-00014592,USA
AW-00014593,USA
AW-00014594,USA
AW-00014595,USA
AW-00014596,USA
AW-00014597,Canada
AW-00014598,Canada
AW-00014599,USA
AW-00014600,USA
AW-00014601,USA
AW-00014602,USA
AW-00014603,USA
AW-00014604,Canada
AW-00014605,Canada
AW-00014606,Canada
AW-00014607,USA
AW-00014608,USA
AW-00014609,USA
AW-00014610,USA
AW-00014611,Canada
AW-00014612,USA
AW-00014613,USA
AW-00014614,USA
AW-00014615,USA
AW-00014616,USA
AW-00014617,USA
AW-00014618,USA
AW-00014619,USA
AW-00014620,USA
AW-00014621,USA
AW-00014622,USA
AW-00014623,USA
AW-00014624,USA
AW-00014625,USA
AW-00014626,Canada
AW-00014627,USA
AW-00014628,USA
AW-00014629,USA
AW-00014630,USA
AW-00014631,Canada
AW-00014632,Canada
AW-00014633,Canada
AW-00014634,USA
AW-00014635,USA
AW-00014636,USA
AW-00014637,USA
AW-00014638,USA
AW-00014639,USA
AW-00014640,Canada
AW-00014641,Canada
AW-00014642,USA
AW-00014643,USA
AW-00014644,USA
AW-00014645,USA
AW-00014646,USA
AW-00014647,USA
AW-00014648,USA
AW-00014649,USA
AW-00014650,USA
AW-00014651,USA
AW-00014652,USA
AW-00014653,USA
AW-00014654,USA
AW-00014655,Canada
AW-00014656,USA
AW-00014657,USA
AW-00014658,Canada
AW-00014659,USA
AW-00014660,USA
AW-00014661,Canada
AW-00014662,USA
AW-00014663,USA
AW-00014664,USA
AW-00014665,Australia
AW-00014666,Australia
AW-00014667,Australia
AW-00014668,Australia
AW-00014669,Australia
AW-00014670,Australia
AW-00014671,Australia
AW-00014672,Australia
AW-00014673,Australia
AW-00014674,Australia
AW-00014675,Australia
AW-00014676,Australia
AW-00014677,Australia
AW-00014678,Australia
AW-00014679,Australia
AW-00014680,Australia
AW-00014681,Australia
AW-00014682,Australia
AW-00014683,Australia
AW-00014684,Australia
AW-00014685,Australia
AW-00014686,Australia
AW-00014687,France
AW-00014688,DE
AW-00014689,France
AW-00014690,DE
AW-00014691,France
AW-00014692,United Kingdom
AW-00014693,France
AW-00014694,United Kingdom
AW-00014695,DE
AW-00014696,DE
AW-00014697,United Kingdom
AW-00014698,DE
AW-00014699,DE
AW-00014700,United Kingdom
AW-00014701,France
AW-00014702,United Kingdom
AW-00014703,DE
AW-00014704,France
AW-00014705,United Kingdom
AW-00014706,United Kingdom
AW-00014707,DE
AW-00014708,France
AW-00014709,DE
AW-00014710,DE
AW-00014711,DE
AW-00014712,United Kingdom
AW-00014713,DE
AW-00014714,France
AW-00014715,DE
AW-00014716,France
AW-00014717,France
AW-00014718,DE
AW-00014719,France
AW-00014720,United Kingdom
AW-00014721,USA
AW-00014722,USA
AW-00014723,Canada
AW-00014724,Canada
AW-00014725,Canada
AW-00014726,USA
AW-00014727,USA
AW-00014728,USA
AW-00014729,USA
AW-00014730,USA
AW-00014731,USA
AW-00014732,USA
AW-00014733,USA
AW-00014734,USA
AW-00014735,USA
AW-00014736,USA
AW-00014737,USA
AW-00014738,USA
AW-00014739,USA
AW-00014740,USA
AW-00014741,USA
AW-00014742,USA
AW-00014743,USA
AW-00014744,USA
AW-00014745,Canada
AW-00014746,USA
AW-00014747,USA
AW-00014748,USA
AW-00014749,USA
AW-00014750,USA
AW-00014751,USA
AW-00014752,USA
AW-00014753,USA
AW-00014754,USA
AW-00014755,USA
AW-00014756,USA
AW-00014757,USA
AW-00014758,USA
AW-00014759,USA
AW-00014760,Canada
AW-00014761,USA
AW-00014762,USA
AW-00014763,USA
AW-00014764,USA
AW-00014765,Canada
AW-00014766,France
AW-00014767,DE
AW-00014768,DE
AW-00014769,DE
AW-00014770,United Kingdom
AW-00014771,United Kingdom
AW-00014772,DE
AW-00014773,France
AW-00014774,DE
AW-00014775,DE
AW-00014776,United Kingdom
AW-00014777,United Kingdom
AW-00014778,United Kingdom
AW-00014779,France
AW-00014780,France
AW-00014781,DE
AW-00014782,DE
AW-00014783,United Kingdom
AW-00014784,United Kingdom
AW-00014785,France
AW-00014786,DE
AW-00014787,United Kingdom
AW-00014788,France
AW-00014789,DE
AW-00014790,France
AW-00014791,France
AW-00014792,United Kingdom
AW-00014793,United Kingdom
AW-00014794,United Kingdom
AW-00014795,DE
AW-00014796,France
AW-00014797,DE
AW-00014798,France
AW-00014799,United Kingdom
AW-00014800,DE
AW-00014801,DE
AW-00014802,France
AW-00014803,DE
AW-00014804,United Kingdom
AW-00014805,DE
AW-00014806,United Kingdom
AW-00014807,France
AW-00014808,United Kingdom
AW-00014809,United Kingdom
AW-00014810,France
AW-00014811,DE
AW-00014812,United Kingdom
AW-00014813,France
AW-00014814,United Kingdom
AW-00014815,United Kingdom
AW-00014816,United Kingdom
AW-00014817,United Kingdom
AW-00014818,France
AW-00014819,DE
AW-00014820,United Kingdom
AW-00014821,United Kingdom
AW-00014822,DE
AW-00014823,DE
AW-00014824,DE
AW-00014825,DE
AW-00014826,France
AW-00014827,DE
AW-00014828,DE
AW-00014829,France
AW-00014830,DE
AW-00014831,United Kingdom
AW-00014832,United Kingdom
AW-00014833,United Kingdom
AW-00014834,DE
AW-00014835,DE
AW-00014836,United Kingdom
AW-00014837,DE
AW-00014838,DE
AW-00014839,United Kingdom
AW-00014840,United Kingdom
AW-00014841,DE
AW-00014842,DE
AW-00014843,United Kingdom
AW-00014844,DE
AW-00014845,France
AW-00014846,United Kingdom
AW-00014847,United Kingdom
AW-00014848,France
AW-00014849,DE
AW-00014850,France
AW-00014851,France
AW-00014852,USA
AW-00014853,Australia
AW-00014854,Australia
AW-00014855,Australia
AW-00014856,USA
AW-00014857,Australia
AW-00014858,Australia
AW-00014859,Australia
AW-00014860,Australia
AW-00014861,United Kingdom
AW-00014862,United Kingdom
AW-00014863,United Kingdom
AW-00014864,United Kingdom
AW-00014865,United Kingdom
AW-00014866,DE
AW-00014867,Canada
AW-00014868,USA
AW-00014869,USA
AW-00014870,USA
AW-00014871,Canada
AW-00014872,USA
AW-00014873,USA
AW-00014874,Canada
AW-00014875,Canada
AW-00014876,USA
AW-00014877,Canada
AW-00014878,USA
AW-00014879,USA
AW-00014880,USA
AW-00014881,USA
AW-00014882,USA
AW-00014883,USA
AW-00014884,USA
AW-00014885,Canada
AW-00014886,Canada
AW-00014887,USA
AW-00014888,USA
AW-00014889,USA
AW-00014890,USA
AW-00014891,USA
AW-00014892,USA
AW-00014893,Canada
AW-00014894,USA
AW-00014895,USA
AW-00014896,USA
AW-00014897,Canada
AW-00014898,USA
AW-00014899,USA
AW-00014900,Canada
AW-00014901,USA
AW-00014902,USA
AW-00014903,USA
AW-00014904,Canada
AW-00014905,USA
AW-00014906,Canada
AW-00014907,USA
AW-00014908,USA
AW-00014909,USA
AW-00014910,Canada
AW-00014911,Canada
AW-00014912,USA
AW-00014913,USA
AW-00014914,USA
AW-00014915,USA
AW-00014916,USA
AW-00014917,USA
AW-00014918,USA
AW-00014919,USA
AW-00014920,USA
AW-00014921,USA
AW-00014922,USA
AW-00014923,France
AW-00014924,France
AW-00014925,France
AW-00014926,France
AW-00014927,DE
AW-00014928,United Kingdom
AW-00014929,United Kingdom
AW-00014930,France
AW-00014931,France
AW-00014932,France
AW-00014933,DE
AW-00014934,United Kingdom
AW-00014935,DE
AW-00014936,France
AW-00014937,United Kingdom
AW-00014938,United Kingdom
AW-00014939,DE
AW-00014940,DE
AW-00014941,United Kingdom
AW-00014942,France
AW-00014943,DE
AW-00014944,France
AW-00014945,DE
AW-00014946,France
AW-00014947,United Kingdom
AW-00014948,France
AW-00014949,United Kingdom
AW-00014950,United Kingdom
AW-00014951,DE
AW-00014952,DE
AW-00014953,United Kingdom
AW-00014954,France
AW-00014955,United Kingdom
AW-00014956,DE
AW-00014957,France
AW-00014958,United Kingdom
AW-00014959,France
AW-00014960,France
AW-00014961,DE
AW-00014962,DE
AW-00014963,United Kingdom
AW-00014964,United Kingdom
AW-00014965,France
AW-00014966,France
AW-00014967,DE
AW-00014968,United Kingdom
AW-00014969,DE
AW-00014970,United Kingdom
AW-00014971,France
AW-00014972,DE
AW-00014973,DE
AW-00014974,United Kingdom
AW-00014975,United Kingdom
AW-00014976,France
AW-00014977,France
AW-00014978,DE
AW-00014979,DE
AW-00014980,DE
AW-00014981,United Kingdom
AW-00014982,United Kingdom
AW-00014983,United Kingdom
AW-00014984,United Kingdom
AW-00014985,France
AW-00014986,United Kingdom
AW-00014987,France
AW-00014988,United Kingdom
AW-00014989,France
AW-00014990,DE
AW-00014991,United Kingdom
AW-00014992,United Kingdom
AW-00014993,United Kingdom
AW-00014994,France
AW-00014995,France
AW-00014996,DE
AW-00014997,DE
AW-00014998,France
AW-00014999,United Kingdom
AW-00015000,DE
AW-00015001,DE
AW-00015002,France
AW-00015003,France
AW-00015004,France
AW-00015005,USA
AW-00015006,USA
AW-00015007,Canada
AW-00015008,Canada
AW-00015009,USA
AW-00015010,USA
AW-00015011,USA
AW-00015012,USA
AW-00015013,USA
AW-00015014,Australia
AW-00015015,Australia
AW-00015016,USA
AW-00015017,USA
AW-00015018,Australia
AW-00015019,Australia
AW-00015020,Australia
AW-00015021,Australia
AW-00015022,Australia
AW-00015023,USA
AW-00015024,Australia
AW-00015025,Australia
AW-00015026,Australia
AW-00015027,Australia
AW-00015028,Australia
AW-00015029,Australia
AW-00015030,Australia
AW-00015031,Australia
AW-00015032,Australia
AW-00015033,Australia
AW-00015034,Australia
AW-00015035,Australia
AW-00015036,Australia
AW-00015037,Australia
AW-00015038,Australia
AW-00015039,Australia
AW-00015040,Australia
AW-00015041,Australia
AW-00015042,Australia
AW-00015043,Australia
AW-00015044,Australia
AW-00015045,France
AW-00015046,United Kingdom
AW-00015047,United Kingdom
AW-00015048,United Kingdom
AW-00015049,DE
AW-00015050,DE
AW-00015051,United Kingdom
AW-00015052,United Kingdom
AW-00015053,France
AW-00015054,DE
AW-00015055,DE
AW-00015056,United Kingdom
AW-00015057,United Kingdom
AW-00015058,United Kingdom
AW-00015059,United Kingdom
AW-00015060,France
AW-00015061,France
AW-00015062,United Kingdom
AW-00015063,DE
AW-00015064,France
AW-00015065,DE
AW-00015066,France
AW-00015067,France
AW-00015068,DE
AW-00015069,DE
AW-00015070,France
AW-00015071,France
AW-00015072,France
AW-00015073,DE
AW-00015074,DE
AW-00015075,United Kingdom
AW-00015076,DE
AW-00015077,United Kingdom
AW-00015078,United Kingdom
AW-00015079,France
AW-00015080,DE
AW-00015081,United Kingdom
AW-00015082,France
AW-00015083,United Kingdom
AW-00015084,DE
AW-00015085,France
AW-00015086,France
AW-00015087,United Kingdom
AW-00015088,United Kingdom
AW-00015089,United Kingdom
AW-00015090,DE
AW-00015091,DE
AW-00015092,DE
AW-00015093,France
AW-00015094,France
AW-00015095,France
AW-00015096,DE
AW-00015097,United Kingdom
AW-00015098,France
AW-00015099,France
AW-00015100,DE
AW-00015101,DE
AW-00015102,United Kingdom
AW-00015103,United Kingdom
AW-00015104,France
AW-00015105,DE
AW-00015106,United Kingdom
AW-00015107,France
AW-00015108,United Kingdom
AW-00015109,France
AW-00015110,DE
AW-00015111,France
AW-00015112,France
AW-00015113,DE
AW-00015114,DE
AW-00015115,France
AW-00015116,DE
AW-00015117,DE
AW-00015118,United Kingdom
AW-00015119,United Kingdom
AW-00015120,Australia
AW-00015121,Australia
AW-00015122,Australia
AW-00015123,Australia
AW-00015124,Australia
AW-00015125,Australia
AW-00015126,Australia
AW-00015127,Australia
AW-00015128,Australia
AW-00015129,Australia
AW-00015130,Australia
AW-00015131,Australia
AW-00015132,Australia
AW-00015133,Australia
AW-00015134,Australia
AW-00015135,Australia
AW-00015136,Australia
AW-00015137,Australia
AW-00015138,Australia
AW-00015139,Australia
AW-00015140,Australia
AW-00015141,Australia
AW-00015142,Australia
AW-00015143,Australia
AW-00015144,Australia
AW-00015145,Australia
AW-00015146,Australia
AW-00015147,Australia
AW-00015148,Australia
AW-00015149,Australia
AW-00015150,Australia
AW-00015151,Australia
AW-00015152,Australia
AW-00015153,Australia
AW-00015154,Australia
AW-00015155,USA
AW-00015156,USA
AW-00015157,Canada
AW-00015158,USA
AW-00015159,USA
AW-00015160,USA
AW-00015161,USA
AW-00015162,Canada
AW-00015163,USA
AW-00015164,USA
AW-00015165,USA
AW-00015166,USA
AW-00015167,USA
AW-00015168,USA
AW-00015169,Australia
AW-00015170,Australia
AW-00015171,Australia
AW-00015172,Canada
AW-00015173,USA
AW-00015174,USA
AW-00015175,Canada
AW-00015176,Canada
AW-00015177,USA
AW-00015178,Australia
AW-00015179,Australia
AW-00015180,Australia
AW-00015181,Australia
AW-00015182,Australia
AW-00015183,Australia
AW-00015184,Australia
AW-00015185,Australia
AW-00015186,Australia
AW-00015187,Canada
AW-00015188,USA
AW-00015189,USA
AW-00015190,USA
AW-00015191,USA
AW-00015192,Australia
AW-00015193,USA
AW-00015194,USA
AW-00015195,USA
AW-00015196,USA
AW-00015197,Canada
AW-00015198,USA
AW-00015199,USA
AW-00015200,USA
AW-00015201,Canada
AW-00015202,USA
AW-00015203,USA
AW-00015204,Australia
AW-00015205,Australia
AW-00015206,Australia
AW-00015207,Australia
AW-00015208,Australia
AW-00015209,Australia
AW-00015210,Australia
AW-00015211,Australia
AW-00015212,Australia
AW-00015213,Australia
AW-00015214,Australia
AW-00015215,Australia
AW-00015216,Australia
AW-00015217,Australia
AW-00015218,Australia
AW-00015219,Australia
AW-00015220,Australia
AW-00015221,Australia
AW-00015222,Australia
AW-00015223,Australia
AW-00015224,Australia
AW-00015225,Australia
AW-00015226,Australia
AW-00015227,Australia
AW-00015228,Australia
AW-00015229,Australia
AW-00015230,Australia
AW-00015231,Australia
AW-00015232,Australia
AW-00015233,Australia
AW-00015234,Australia
AW-00015235,Australia
AW-00015236,Australia
AW-00015237,Australia
AW-00015238,Australia
AW-00015239,Australia
AW-00015240,Australia
AW-00015241,Australia
AW-00015242,Australia
AW-00015243,USA
AW-00015244,Canada
AW-00015245,USA
AW-00015246,USA
AW-00015247,USA
AW-00015248,USA
AW-00015249,USA
AW-00015250,USA
AW-00015251,Canada
AW-00015252,USA
AW-00015253,Australia
AW-00015254,USA
AW-00015255,USA
AW-00015256,USA
AW-00015257,USA
AW-00015258,USA
AW-00015259,USA
AW-00015260,USA
AW-00015261,Australia
AW-00015262,Australia
AW-00015263,Australia
AW-00015264,Australia
AW-00015265,Australia
AW-00015266,Australia
AW-00015267,Australia
AW-00015268,Australia
AW-00015269,USA
AW-00015270,USA
AW-00015271,USA
AW-00015272,USA
AW-00015273,USA
AW-00015274,USA
AW-00015275,USA
AW-00015276,USA
AW-00015277,USA
AW-00015278,USA
AW-00015279,USA
AW-00015280,USA
AW-00015281,USA
AW-00015282,USA
AW-00015283,Canada
AW-00015284,USA
AW-00015285,USA
AW-00015286,USA
AW-00015287,USA
AW-00015288,USA
AW-00015289,USA
AW-00015290,USA
AW-00015291,Canada
AW-00015292,USA
AW-00015293,USA
AW-00015294,USA
AW-00015295,USA
AW-00015296,USA
AW-00015297,USA
AW-00015298,USA
AW-00015299,USA
AW-00015300,USA
AW-00015301,USA
AW-00015302,USA
AW-00015303,USA
AW-00015304,Canada
AW-00015305,USA
AW-00015306,USA
AW-00015307,USA
AW-00015308,USA
AW-00015309,USA
AW-00015310,Canada
AW-00015311,USA
AW-00015312,USA
AW-00015313,USA
AW-00015314,USA
AW-00015315,USA
AW-00015316,USA
AW-00015317,USA
AW-00015318,USA
AW-00015319,USA
AW-00015320,USA
AW-00015321,USA
AW-00015322,USA
AW-00015323,Canada
AW-00015324,USA
AW-00015325,USA
AW-00015326,USA
AW-00015327,USA
AW-00015328,USA
AW-00015329,USA
AW-00015330,USA
AW-00015331,USA
AW-00015332,USA
AW-00015333,USA
AW-00015334,Canada
AW-00015335,USA
AW-00015336,USA
AW-00015337,USA
AW-00015338,USA
AW-00015339,USA
AW-00015340,Canada
AW-00015341,USA
AW-00015342,USA
AW-00015343,USA
AW-00015344,USA
AW-00015345,USA
AW-00015346,USA
AW-00015347,USA
AW-00015348,USA
AW-00015349,USA
AW-00015350,USA
AW-00015351,USA
AW-00015352,DE
AW-00015353,United Kingdom
AW-00015354,United Kingdom
AW-00015355,France
AW-00015356,DE
AW-00015357,DE
AW-00015358,USA
AW-00015359,USA
AW-00015360,USA
AW-00015361,USA
AW-00015362,Canada
AW-00015363,Canada
AW-00015364,USA
AW-00015365,USA
AW-00015366,USA
AW-00015367,USA
AW-00015368,USA
AW-00015369,USA
AW-00015370,USA
AW-00015371,USA
AW-00015372,USA
AW-00015373,USA
AW-00015374,USA
AW-00015375,USA
AW-00015376,Canada
AW-00015377,Canada
AW-00015378,Canada
AW-00015379,USA
AW-00015380,USA
AW-00015381,USA
AW-00015382,USA
AW-00015383,USA
AW-00015384,USA
AW-00015385,USA
AW-00015386,USA
AW-00015387,USA
AW-00015388,USA
AW-00015389,USA
AW-00015390,USA
AW-00015391,Canada
AW-00015392,USA
AW-00015393,USA
AW-00015394,USA
AW-00015395,Canada
AW-00015396,USA
AW-00015397,USA
AW-00015398,USA
AW-00015399,USA
AW-00015400,USA
AW-00015401,USA
AW-00015402,Canada
AW-00015403,USA
AW-00015404,USA
AW-00015405,USA
AW-00015406,USA
AW-00015407,USA
AW-00015408,USA
AW-00015409,USA
AW-00015410,USA
AW-00015411,USA
AW-00015412,USA
AW-00015413,Canada
AW-00015414,USA
AW-00015415,USA
AW-00015416,USA
AW-00015417,USA
AW-00015418,Canada
AW-00015419,USA
AW-00015420,USA
AW-00015421,USA
AW-00015422,USA
AW-00015423,USA
AW-00015424,USA
AW-00015425,Australia
AW-00015426,Australia
AW-00015427,USA
AW-00015428,USA
AW-00015429,USA
AW-00015430,USA
AW-00015431,USA
AW-00015432,USA
AW-00015433,USA
AW-00015434,Australia
AW-00015435,Australia
AW-00015436,Australia
AW-00015437,Australia
AW-00015438,Australia
AW-00015439,Australia
AW-00015440,United Kingdom
AW-00015441,United Kingdom
AW-00015442,France
AW-00015443,DE
AW-00015444,United Kingdom
AW-00015445,France
AW-00015446,France
AW-00015447,France
AW-00015448,United Kingdom
AW-00015449,United Kingdom
AW-00015450,France
AW-00015451,France
AW-00015452,France
AW-00015453,United Kingdom
AW-00015454,DE
AW-00015455,France
AW-00015456,DE
AW-00015457,DE
AW-00015458,DE
AW-00015459,DE
AW-00015460,DE
AW-00015461,United Kingdom
AW-00015462,France
AW-00015463,France
AW-00015464,Australia
AW-00015465,Australia
AW-00015466,USA
AW-00015467,USA
AW-00015468,Canada
AW-00015469,USA
AW-00015470,USA
AW-00015471,USA
AW-00015472,USA
AW-00015473,USA
AW-00015474,USA
AW-00015475,USA
AW-00015476,USA
AW-00015477,USA
AW-00015478,Canada
AW-00015479,USA
AW-00015480,USA
AW-00015481,USA
AW-00015482,USA
AW-00015483,USA
AW-00015484,USA
AW-00015485,USA
AW-00015486,USA
AW-00015487,USA
AW-00015488,Canada
AW-00015489,USA
AW-00015490,Canada
AW-00015491,USA
AW-00015492,USA
AW-00015493,USA
AW-00015494,Canada
AW-00015495,USA
AW-00015496,USA
AW-00015497,USA
AW-00015498,Canada
AW-00015499,USA
AW-00015500,USA
AW-00015501,USA
AW-00015502,USA
AW-00015503,USA
AW-00015504,USA
AW-00015505,USA
AW-00015506,USA
AW-00015507,Canada
AW-00015508,USA
AW-00015509,USA
AW-00015510,USA
AW-00015511,Canada
AW-00015512,USA
AW-00015513,USA
AW-00015514,USA
AW-00015515,USA
AW-00015516,USA
AW-00015517,USA
AW-00015518,USA
AW-00015519,USA
AW-00015520,USA
AW-00015521,USA
AW-00015522,USA
AW-00015523,USA
AW-00015524,USA
AW-00015525,USA
AW-00015526,Canada
AW-00015527,USA
AW-00015528,USA
AW-00015529,USA
AW-00015530,Canada
AW-00015531,USA
AW-00015532,USA
AW-00015533,USA
AW-00015534,USA
AW-00015535,USA
AW-00015536,Canada
AW-00015537,USA
AW-00015538,USA
AW-00015539,USA
AW-00015540,USA
AW-00015541,USA
AW-00015542,USA
AW-00015543,Canada
AW-00015544,USA
AW-00015545,USA
AW-00015546,USA
AW-00015547,USA
AW-00015548,USA
AW-00015549,Canada
AW-00015550,USA
AW-00015551,USA
AW-00015552,USA
AW-00015553,USA
AW-00015554,USA
AW-00015555,USA
AW-00015556,Canada
AW-00015557,USA
AW-00015558,USA
AW-00015559,Canada
AW-00015560,USA
AW-00015561,USA
AW-00015562,USA
AW-00015563,USA
AW-00015564,Canada
AW-00015565,USA
AW-00015566,Canada
AW-00015567,Canada
AW-00015568,USA
AW-00015569,USA
AW-00015570,USA
AW-00015571,Canada
AW-00015572,Canada
AW-00015573,USA
AW-00015574,USA
AW-00015575,Australia
AW-00015576,Australia
AW-00015577,Australia
AW-00015578,Australia
AW-00015579,Australia
AW-00015580,Australia
AW-00015581,Australia
AW-00015582,Australia
AW-00015583,Australia
AW-00015584,Australia
AW-00015585,Australia
AW-00015586,Australia
AW-00015587,Australia
AW-00015588,Australia
AW-00015589,Australia
AW-00015590,Australia
AW-00015591,Australia
AW-00015592,Australia
AW-00015593,Australia
AW-00015594,Australia
AW-00015595,Australia
AW-00015596,Australia
AW-00015597,Australia
AW-00015598,Australia
AW-00015599,Australia
AW-00015600,Australia
AW-00015601,Australia
AW-00015602,Australia
AW-00015603,Australia
AW-00015604,Australia
AW-00015605,Australia
AW-00015606,Australia
AW-00015607,Australia
AW-00015608,DE
AW-00015609,France
AW-00015610,United Kingdom
AW-00015611,France
AW-00015612,United Kingdom
AW-00015613,France
AW-00015614,United Kingdom
AW-00015615,United Kingdom
AW-00015616,France
AW-00015617,France
AW-00015618,DE
AW-00015619,United Kingdom
AW-00015620,United Kingdom
