audit_id,table_name,load_type,records_loaded,load_started_at,load_ended_at,load_timestamp,status,error_message,file_name,dag_id,run_id
12,raw_crm_cust_info,incremental,1786,2025-07-05 22:39:50.402814,2025-07-05 22:40:09.901166,2025-07-05 22:40:09.901166,success,,cust_info_inc_20250705_2239.csv,daily_refresh_dag,scheduled__2025-07-05T22:36:00+00:00
13,raw_erp_cust_az12,initial,57946,2025-07-10 21:03:33.120851,2025-07-10 21:06:47.124051,2025-07-10 21:06:47.124051,success,,,postgres_dwh_initial_load_dag,scheduled__2025-07-10T21:00:00+00:00
14,raw_erp_cust_az12,incremental,1176,2025-07-10 04:17:33.744134,2025-07-10 04:17:47.451022,2025-07-10 04:17:47.451022,success,,cust_az12_inc_20250710_0417.csv,postgres_dwh_initial_load_dag,scheduled__2025-07-10T04:16:00+00:00
15,raw_crm_cust_info,incremental,1310,2025-07-05 09:27:04.504063,2025-07-05 09:27:05.873590,2025-07-05 09:27:05.873590,success,,cust_info_inc_20250705_0927.csv,weekly_maintenance_dag,scheduled__2025-07-05T09:24:00+00:00
16,raw_erp_cust_az12,incremental,0,2025-07-08 17:45:22.980355,2025-07-08 17:45:42.437346,2025-07-08 17:45:42.437346,timeout,Operation timed out after 300 seconds,cust_az12_inc_20250708_1745.csv,postgres_dwh_initial_load_dag,scheduled__2025-07-08T17:44:00+00:00
17,raw_crm_cust_info,incremental,1147,2025-07-09 06:35:56.968654,2025-07-09 06:40:40.018009,2025-07-09 06:40:40.018009,success,,cust_info_inc_20250709_0635.csv,incremental_load_dag,scheduled__2025-07-09T06:32:00+00:00
18,raw_crm_sales_details,incremental,20269,2025-07-08 20:21:41.250579,2025-07-08 20:21:41.853412,2025-07-08 20:21:41.853412,success,,sales_details_inc_20250708_2021.csv,incremental_load_dag,scheduled__2025-07-08T20:20:00+00:00
19,raw_crm_sales_details,incremental,0,2025-07-08 10:17:23.701026,2025-07-08 10:27:09.613187,2025-07-08 10:27:09.613187,failed,Permission denied accessing source file,sales_details_inc_20250708_1017.csv,weekly_maintenance_dag,scheduled__2025-07-08T10:16:00+00:00
20,raw_crm_cust_info,incremental,1503,2025-07-06 17:33:07.260532,2025-07-06 17:40:03.088794,2025-07-06 17:40:03.088794,success,,cust_info_inc_20250706_1733.csv,incremental_load_dag,scheduled__2025-07-06T17:32:00+00:00
21,raw_erp_cust_az12,incremental,1440,2025-07-03 08:40:38.354406,2025-07-03 08:49:28.286819,2025-07-03 08:49:28.286819,success,,cust_az12_inc_20250703_0840.csv,postgres_dwh_initial_load_dag,scheduled__2025-07-03T08:40:00+00:00
22,raw_erp_cust_az12,incremental,1254,2025-07-09 16:05:51.327476,2025-07-09 16:05:55.754697,2025-07-09 16:05:55.754697,success,,cust_az12_inc_20250709_1605.csv,postgres_dwh_initial_load_dag,scheduled__2025-07-09T16:04:00+00:00
23,raw_erp_cust_az12,incremental,1350,2025-07-07 16:40:07.791197,2025-07-07 16:40:09.118382,2025-07-07 16:40:09.118382,success,,cust_az12_inc_20250707_1640.csv,incremental_load_dag,scheduled__2025-07-07T16:40:00+00:00
24,raw_crm_sales_details,incremental,23834,2025-07-05 05:56:50.104501,2025-07-05 05:56:51.242620,2025-07-05 05:56:51.242620,success,,sales_details_inc_20250705_0556.csv,postgres_dwh_initial_load_dag,scheduled__2025-07-05T05:56:00+00:00
25,raw_erp_cust_az12,incremental,0,2025-07-05 20:49:59.213351,2025-07-05 20:56:05.276902,2025-07-05 20:56:05.276902,failed,File not found in staging directory,cust_az12_inc_20250705_2049.csv,incremental_load_dag,scheduled__2025-07-05T20:48:00+00:00
26,raw_crm_sales_details,incremental,0,2025-07-08 04:03:48.179563,2025-07-08 04:04:17.970406,2025-07-08 04:04:17.970406,timeout,Operation timed out after 300 seconds,sales_details_inc_20250708_0403.csv,postgres_dwh_initial_load_dag,scheduled__2025-07-08T04:00:00+00:00
27,raw_crm_cust_info,incremental,1339,2025-07-07 10:03:26.545737,2025-07-07 10:09:57.551704,2025-07-07 10:09:57.551704,success,,cust_info_inc_20250707_1003.csv,daily_refresh_dag,manual__2025-07-07T10:03:26.461+00:00
28,raw_crm_sales_details,incremental,31699,2025-07-09 08:35:59.871862,2025-07-09 08:36:09.889137,2025-07-09 08:36:09.889137,success,,sales_details_inc_20250709_0835.csv,daily_refresh_dag,scheduled__2025-07-09T08:32:00+00:00
29,raw_crm_sales_details,incremental,0,2025-07-09 21:40:22.090586,2025-07-09 21:44:50.749810,2025-07-09 21:44:50.749810,failed,Memory limit exceeded during processing,sales_details_inc_20250709_2140.csv,weekly_maintenance_dag,scheduled__2025-07-09T21:40:00+00:00
30,raw_crm_cust_info,incremental,1353,2025-07-04 05:58:18.737611,2025-07-04 05:58:25.213164,2025-07-04 05:58:25.213164,success,,cust_info_inc_20250704_0558.csv,postgres_dwh_initial_load_dag,scheduled__2025-07-04T05:56:00+00:00
31,raw_crm_cust_info,incremental,1649,2025-07-04 22:42:59.298479,2025-07-04 22:43:23.417948,2025-07-04 22:43:23.417948,success,,cust_info_inc_20250704_2242.csv,daily_refresh_dag,scheduled__2025-07-04T22:40:00+00:00
32,raw_crm_cust_info,incremental,1659,2025-07-09 12:13:05.190597,2025-07-09 12:13:06.569847,2025-07-09 12:13:06.569847,success,,cust_info_inc_20250709_1213.csv,postgres_dwh_initial_load_dag,scheduled__2025-07-09T12:12:00+00:00
33,raw_erp_loc_a101,incremental,880,2025-07-03 03:30:38.405584,2025-07-03 03:39:56.432608,2025-07-03 03:39:56.432608,success,,loc_a101_inc_20250703_0330.csv,incremental_load_dag,scheduled__2025-07-03T03:28:00+00:00
34,raw_erp_cust_az12,initial,47266,2025-07-03 05:49:45.436450,2025-07-03 05:49:47.029479,2025-07-03 05:49:47.029479,success,,,postgres_dwh_initial_load_dag,scheduled__2025-07-03T05:48:00+00:00
35,raw_crm_sales_details,incremental,22591,2025-07-08 12:21:55.520963,2025-07-08 12:21:56.282051,2025-07-08 12:21:56.282051,success,,sales_details_inc_20250708_1221.csv,postgres_dwh_initial_load_dag,scheduled__2025-07-08T12:20:00+00:00
36,raw_crm_sales_details,incremental,30777,2025-07-06 11:31:18.856701,2025-07-06 11:34:38.366296,2025-07-06 11:34:38.366296,success,,sales_details_inc_20250706_1131.csv,incremental_load_dag,scheduled__2025-07-06T11:28:00+00:00
37,raw_crm_sales_details,incremental,30250,2025-07-03 05:26:20.749463,2025-07-03 05:26:21.175187,2025-07-03 05:26:21.175187,success,,sales_details_inc_20250703_0526.csv,daily_refresh_dag,scheduled__2025-07-03T05:24:00+00:00
38,raw_crm_sales_details,incremental,29148,2025-07-04 09:21:52.883115,2025-07-04 09:21:53.867535,2025-07-04 09:21:53.867535,success,,sales_details_inc_20250704_0921.csv,postgres_dwh_initial_load_dag,scheduled__2025-07-04T09:20:00+00:00
39,raw_erp_loc_a101,incremental,892,2025-07-06 15:34:28.087675,2025-07-06 15:42:18.514107,2025-07-06 15:42:18.514107,success,,loc_a101_inc_20250706_1534.csv,incremental_load_dag,scheduled__2025-07-06T15:32:00+00:00
40,raw_crm_cust_info,incremental,1126,2025-07-09 12:17:25.172337,2025-07-09 12:19:07.204257,2025-07-09 12:19:07.204257,success,,cust_info_inc_20250709_1217.csv,incremental_load_dag,scheduled__2025-07-09T12:16:00+00:00
41,raw_erp_px_cat_g1v2,incremental,21,2025-07-08 07:58:19.022634,2025-07-08 07:58:28.966042,2025-07-08 07:58:28.966042,success,,px_cat_g1v2_inc_20250708_0758.csv,daily_refresh_dag,scheduled__2025-07-08T07:56:00+00:00
42,raw_erp_cust_az12,incremental,1229,2025-07-06 23:17:23.471352,2025-07-06 23:17:24.586570,2025-07-06 23:17:24.586570,success,,cust_az12_inc_20250706_2317.csv,postgres_dwh_initial_load_dag,scheduled__2025-07-06T23:16:00+00:00
43,raw_erp_cust_az12,incremental,1515,2025-07-08 23:09:58.815809,2025-07-08 23:10:09.031945,2025-07-08 23:10:09.031945,success,,cust_az12_inc_20250708_2309.csv,incremental_load_dag,scheduled__2025-07-08T23:08:00+00:00
44,raw_crm_sales_details,incremental,28591,2025-07-04 02:01:35.017482,2025-07-04 02:01:36.601802,2025-07-04 02:01:36.601802,success,,sales_details_inc_20250704_0201.csv,postgres_dwh_initial_load_dag,scheduled__2025-07-04T02:00:00+00:00
45,raw_erp_loc_a101,incremental,588,2025-07-04 07:33:24.017053,2025-07-04 07:34:15.788352,2025-07-04 07:34:15.788352,success,,loc_a101_inc_20250704_0733.csv,postgres_dwh_initial_load_dag,scheduled__2025-07-04T07:32:00+00:00
46,raw_erp_cust_az12,incremental,901,2025-07-03 05:18:04.897500,2025-07-03 05:18:08.266543,2025-07-03 05:18:08.266543,success,,cust_az12_inc_20250703_0518.csv,postgres_dwh_initial_load_dag,scheduled__2025-07-03T05:16:00+00:00
47,raw_crm_sales_details,incremental,21927,2025-07-05 01:57:55.239591,2025-07-05 01:58:13.073338,2025-07-05 01:58:13.073338,success,,sales_details_inc_20250705_0157.csv,weekly_maintenance_dag,scheduled__2025-07-05T01:56:00+00:00
48,raw_erp_cust_az12,incremental,1348,2025-07-03 04:25:54.337459,2025-07-03 04:27:55.908298,2025-07-03 04:27:55.908298,success,,cust_az12_inc_20250703_0425.csv,incremental_load_dag,scheduled__2025-07-03T04:24:00+00:00
49,raw_erp_loc_a101,incremental,1017,2025-07-08 16:21:34.179742,2025-07-08 16:21:53.850082,2025-07-08 16:21:53.850082,success,,loc_a101_inc_20250708_1621.csv,weekly_maintenance_dag,scheduled__2025-07-08T16:20:00+00:00
50,raw_erp_cust_az12,incremental,1405,2025-07-05 09:33:43.202747,2025-07-05 09:33:56.578130,2025-07-05 09:33:56.578130,success,,cust_az12_inc_20250705_0933.csv,postgres_dwh_initial_load_dag,scheduled__2025-07-05T09:32:00+00:00
51,raw_crm_cust_info,incremental,0,2025-07-07 10:50:17.477028,2025-07-07 10:50:21.705650,2025-07-07 10:50:21.705650,failed,Source table locked by another process,cust_info_inc_20250707_1050.csv,emergency_reload_dag,manual__2025-07-07T10:50:17.156+00:00
52,raw_crm_cust_info,incremental,0,2025-07-09 20:42:54.229773,2025-07-09 20:44:36.035156,2025-07-09 20:44:36.035156,success,,cust_info_inc_20250709_2042.csv,incremental_load_dag,scheduled__2025-07-09T20:40:00+00:00
53,raw_erp_loc_a101,incremental,983,2025-07-04 11:42:07.609719,2025-07-04 11:50:10.437845,2025-07-04 11:50:10.437845,success,,loc_a101_inc_20250704_1142.csv,incremental_load_dag,scheduled__2025-07-04T11:40:00+00:00
54,raw_crm_cust_info,incremental,1379,2025-07-06 19:20:44.407757,2025-07-06 19:20:45.217499,2025-07-06 19:20:45.217499,success,,cust_info_inc_20250706_1920.csv,postgres_dwh_initial_load_dag,scheduled__2025-07-06T19:20:00+00:00
55,raw_crm_sales_details,incremental,26906,2025-07-04 21:53:13.385098,2025-07-04 21:53:30.465233,2025-07-04 21:53:30.465233,success,,sales_details_inc_20250704_2153.csv,incremental_load_dag,scheduled__2025-07-04T21:52:00+00:00
56,raw_erp_cust_az12,incremental,0,2025-07-03 17:50:51.728837,2025-07-03 17:51:20.534391,2025-07-03 17:51:20.534391,failed,Permission denied accessing source file,cust_az12_inc_20250703_1750.csv,emergency_reload_dag,scheduled__2025-07-03T17:48:00+00:00
57,raw_crm_cust_info,incremental,1476,2025-07-09 17:22:18.755822,2025-07-09 17:22:40.216420,2025-07-09 17:22:40.216420,success,,cust_info_inc_20250709_1722.csv,weekly_maintenance_dag,scheduled__2025-07-09T17:20:00+00:00
58,raw_erp_loc_a101,incremental,651,2025-07-04 05:45:19.398282,2025-07-04 05:45:25.003496,2025-07-04 05:45:25.003496,success,,loc_a101_inc_20250704_0545.csv,weekly_maintenance_dag,scheduled__2025-07-04T05:44:00+00:00
59,raw_erp_cust_az12,incremental,857,2025-07-05 21:47:12.005341,2025-07-05 21:47:27.858782,2025-07-05 21:47:27.858782,success,,cust_az12_inc_20250705_2147.csv,daily_refresh_dag,scheduled__2025-07-05T21:44:00+00:00
60,raw_crm_sales_details,incremental,19383,2025-07-03 11:23:32.290011,2025-07-03 11:23:50.416144,2025-07-03 11:23:50.416144,success,,sales_details_inc_20250703_1123.csv,incremental_load_dag,scheduled__2025-07-03T11:20:00+00:00
61,raw_erp_px_cat_g1v2,incremental,28,2025-07-07 15:08:43.702146,2025-07-07 15:14:26.780232,2025-07-07 15:14:26.780232,success,,px_cat_g1v2_inc_20250707_1508.csv,weekly_maintenance_dag,scheduled__2025-07-07T15:08:00+00:00
62,raw_erp_cust_az12,incremental,1326,2025-07-05 08:58:12.956445,2025-07-05 08:58:35.570910,2025-07-05 08:58:35.570910,success,,cust_az12_inc_20250705_0858.csv,postgres_dwh_initial_load_dag,scheduled__2025-07-05T08:56:00+00:00
63,raw_erp_loc_a101,incremental,676,2025-07-07 11:34:11.705431,2025-07-07 11:34:12.596786,2025-07-07 11:34:12.596786,success,,loc_a101_inc_20250707_1134.csv,postgres_dwh_initial_load_dag,scheduled__2025-07-07T11:32:00+00:00
64,raw_crm_sales_details,incremental,31349,2025-07-08 05:47:59.759958,2025-07-08 05:56:47.119890,2025-07-08 05:56:47.119890,success,,sales_details_inc_20250708_0547.csv,postgres_dwh_initial_load_dag,scheduled__2025-07-08T05:44:00+00:00
65,raw_crm_sales_details,incremental,31373,2025-07-05 20:01:34.817175,2025-07-05 20:10:19.065035,2025-07-05 20:10:19.065035,success,,sales_details_inc_20250705_2001.csv,emergency_reload_dag,scheduled__2025-07-05T20:00:00+00:00
66,raw_crm_sales_details,incremental,0,2025-07-04 02:26:39.298732,2025-07-04 02:34:11.103010,2025-07-04 02:34:11.103010,failed,Memory limit exceeded during processing,sales_details_inc_20250704_0226.csv,postgres_dwh_initial_load_dag,scheduled__2025-07-04T02:24:00+00:00
67,raw_crm_cust_info,incremental,1473,2025-07-06 14:24:33.382452,2025-07-06 14:28:11.582094,2025-07-06 14:28:11.582094,success,,cust_info_inc_20250706_1424.csv,postgres_dwh_initial_load_dag,scheduled__2025-07-06T14:24:00+00:00
68,raw_erp_loc_a101,incremental,664,2025-07-07 07:18:54.783607,2025-07-07 07:24:18.298006,2025-07-07 07:24:18.298006,success,,loc_a101_inc_20250707_0718.csv,postgres_dwh_initial_load_dag,scheduled__2025-07-07T07:16:00+00:00
69,raw_crm_sales_details,initial,441745,2025-07-06 15:21:29.830314,2025-07-06 15:24:29.497579,2025-07-06 15:24:29.497579,success,,,postgres_dwh_initial_load_dag,scheduled__2025-07-06T15:20:00+00:00
70,raw_crm_prd_info,incremental,119,2025-07-05 09:04:52.247402,2025-07-05 09:04:53.701631,2025-07-05 09:04:53.701631,success,,prd_info_inc_20250705_0904.csv,postgres_dwh_initial_load_dag,scheduled__2025-07-05T09:04:00+00:00
71,raw_crm_cust_info,incremental,1359,2025-07-06 05:54:55.327137,2025-07-06 05:54:59.025806,2025-07-06 05:54:59.025806,success,,cust_info_inc_20250706_0554.csv,postgres_dwh_initial_load_dag,scheduled__2025-07-06T05:52:00+00:00
72,raw_crm_cust_info,incremental,1183,2025-07-06 01:49:33.808069,2025-07-06 01:49:34.040338,2025-07-06 01:49:34.040338,success,,cust_info_inc_20250706_0149.csv,incremental_load_dag,scheduled__2025-07-06T01:48:00+00:00
73,raw_erp_cust_az12,incremental,0,2025-07-05 18:20:12.102409,2025-07-05 18:20:26.145898,2025-07-05 18:20:26.145898,success,,cust_az12_inc_20250705_1820.csv,postgres_dwh_initial_load_dag,scheduled__2025-07-05T18:20:00+00:00
74,raw_crm_sales_details,incremental,25198,2025-07-03 13:08:36.398472,2025-07-03 13:08:54.586321,2025-07-03 13:08:54.586321,success,,sales_details_inc_20250703_1308.csv,postgres_dwh_initial_load_dag,scheduled__2025-07-03T13:08:00+00:00
75,raw_crm_prd_info,incremental,183,2025-07-07 00:19:58.477452,2025-07-07 00:19:58.677947,2025-07-07 00:19:58.677947,success,,prd_info_inc_20250707_0019.csv,daily_refresh_dag,scheduled__2025-07-07T00:16:00+00:00
76,raw_crm_cust_info,incremental,1669,2025-07-06 00:53:27.711570,2025-07-06 00:53:28.226503,2025-07-06 00:53:28.226503,success,,cust_info_inc_20250706_0053.csv,incremental_load_dag,scheduled__2025-07-06T00:52:00+00:00
77,raw_crm_sales_details,initial,427130,2025-07-09 21:10:28.461707,2025-07-09 21:16:51.334529,2025-07-09 21:16:51.334529,success,,,postgres_dwh_initial_load_dag,scheduled__2025-07-09T21:08:00+00:00
78,raw_crm_sales_details,incremental,0,2025-07-10 05:32:10.850548,2025-07-10 05:32:38.238315,2025-07-10 05:32:38.238315,success,,sales_details_inc_20250710_0532.csv,postgres_dwh_initial_load_dag,scheduled__2025-07-10T05:32:00+00:00
79,raw_crm_prd_info,incremental,133,2025-07-03 20:32:29.252993,2025-07-03 20:33:29.662170,2025-07-03 20:33:29.662170,success,,prd_info_inc_20250703_2032.csv,postgres_dwh_initial_load_dag,scheduled__2025-07-03T20:32:00+00:00
80,raw_erp_cust_az12,incremental,0,2025-07-09 18:09:07.210835,2025-07-09 18:09:08.061336,2025-07-09 18:09:08.061336,failed,Permission denied accessing source file,cust_az12_inc_20250709_1809.csv,daily_refresh_dag,scheduled__2025-07-09T18:08:00+00:00
81,raw_erp_cust_az12,incremental,1317,2025-07-07 23:46:45.321330,2025-07-07 23:47:02.204765,2025-07-07 23:47:02.204765,success,,cust_az12_inc_20250707_2346.csv,weekly_maintenance_dag,manual__2025-07-07T23:46:44.561+00:00
82,raw_crm_sales_details,incremental,0,2025-07-09 15:30:16.616362,2025-07-09 15:30:34.389032,2025-07-09 15:30:34.389032,success,,sales_details_inc_20250709_1530.csv,daily_refresh_dag,scheduled__2025-07-09T15:28:00+00:00
83,raw_erp_cust_az12,incremental,1036,2025-07-10 22:01:31.805759,2025-07-10 22:01:51.913769,2025-07-10 22:01:51.913769,success,,cust_az12_inc_20250710_2201.csv,postgres_dwh_initial_load_dag,scheduled__2025-07-10T22:00:00+00:00
84,raw_crm_sales_details,incremental,20674,2025-07-05 00:49:23.009618,2025-07-05 00:58:25.635817,2025-07-05 00:58:25.635817,success,,sales_details_inc_20250705_0049.csv,postgres_dwh_initial_load_dag,scheduled__2025-07-05T00:48:00+00:00
85,raw_erp_loc_a101,incremental,578,2025-07-08 15:06:05.181538,2025-07-08 15:06:06.438521,2025-07-08 15:06:06.438521,success,,loc_a101_inc_20250708_1506.csv,incremental_load_dag,scheduled__2025-07-08T15:04:00+00:00
86,raw_crm_sales_details,incremental,0,2025-07-03 10:43:01.029033,2025-07-03 10:43:02.201181,2025-07-03 10:43:02.201181,success,,sales_details_inc_20250703_1043.csv,postgres_dwh_initial_load_dag,scheduled__2025-07-03T10:40:00+00:00
87,raw_erp_px_cat_g1v2,incremental,25,2025-07-09 21:58:36.685543,2025-07-09 21:58:37.315465,2025-07-09 21:58:37.315465,success,,px_cat_g1v2_inc_20250709_2158.csv,incremental_load_dag,scheduled__2025-07-09T21:56:00+00:00
88,raw_crm_cust_info,incremental,1183,2025-07-08 11:17:03.143473,2025-07-08 11:17:26.119660,2025-07-08 11:17:26.119660,success,,cust_info_inc_20250708_1117.csv,postgres_dwh_initial_load_dag,scheduled__2025-07-08T11:16:00+00:00
89,raw_erp_cust_az12,incremental,970,2025-07-03 04:45:26.516369,2025-07-03 04:45:28.371503,2025-07-03 04:45:28.371503,success,,cust_az12_inc_20250703_0445.csv,incremental_load_dag,manual__2025-07-03T04:45:26.437+00:00
90,raw_erp_cust_az12,incremental,874,2025-07-05 01:37:20.267092,2025-07-05 01:37:45.855077,2025-07-05 01:37:45.855077,success,,cust_az12_inc_20250705_0137.csv,postgres_dwh_initial_load_dag,scheduled__2025-07-05T01:36:00+00:00
91,raw_erp_cust_az12,incremental,0,2025-07-10 10:12:43.040470,2025-07-10 10:12:44.520702,2025-07-10 10:12:44.520702,timeout,Operation timed out after 300 seconds,cust_az12_inc_20250710_1012.csv,postgres_dwh_initial_load_dag,scheduled__2025-07-10T10:12:00+00:00
92,raw_crm_sales_details,incremental,22827,2025-07-09 11:34:43.878208,2025-07-09 11:34:54.038572,2025-07-09 11:34:54.038572,success,,sales_details_inc_20250709_1134.csv,emergency_reload_dag,scheduled__2025-07-09T11:32:00+00:00
93,raw_crm_sales_details,incremental,20282,2025-07-10 01:06:38.697170,2025-07-10 01:06:39.949149,2025-07-10 01:06:39.949149,success,,sales_details_inc_20250710_0106.csv,postgres_dwh_initial_load_dag,scheduled__2025-07-10T01:04:00+00:00
94,raw_crm_sales_details,incremental,21885,2025-07-04 11:52:18.972605,2025-07-04 11:52:19.145517,2025-07-04 11:52:19.145517,success,,sales_details_inc_20250704_1152.csv,daily_refresh_dag,scheduled__2025-07-04T11:52:00+00:00
95,raw_crm_cust_info,incremental,0,2025-07-07 23:50:02.662242,2025-07-07 23:59:11.676521,2025-07-07 23:59:11.676521,failed,Permission denied accessing source file,cust_info_inc_20250707_2350.csv,incremental_load_dag,scheduled__2025-07-07T23:48:00+00:00
96,raw_erp_cust_az12,incremental,896,2025-07-03 03:38:03.962142,2025-07-03 03:38:18.822160,2025-07-03 03:38:18.822160,success,,cust_az12_inc_20250703_0338.csv,postgres_dwh_initial_load_dag,scheduled__2025-07-03T03:36:00+00:00
97,raw_crm_sales_details,incremental,21810,2025-07-10 10:58:00.673996,2025-07-10 11:07:55.599994,2025-07-10 11:07:55.599994,success,,sales_details_inc_20250710_1058.csv,postgres_dwh_initial_load_dag,scheduled__2025-07-10T10:56:00+00:00
98,raw_crm_sales_details,incremental,0,2025-07-09 22:58:45.919943,2025-07-09 22:59:12.373938,2025-07-09 22:59:12.373938,failed,Data type conversion error,sales_details_inc_20250709_2258.csv,postgres_dwh_initial_load_dag,scheduled__2025-07-09T22:56:00+00:00
99,raw_crm_sales_details,incremental,17647,2025-07-06 03:00:48.511969,2025-07-06 03:00:50.485062,2025-07-06 03:00:50.485062,success,,sales_details_inc_20250706_0300.csv,postgres_dwh_initial_load_dag,scheduled__2025-07-06T03:00:00+00:00
100,raw_crm_cust_info,incremental,1360,2025-07-05 23:15:14.488400,2025-07-05 23:15:15.884406,2025-07-05 23:15:15.884406,success,,cust_info_inc_20250705_2315.csv,daily_refresh_dag,scheduled__2025-07-05T23:12:00+00:00
101,raw_erp_cust_az12,initial,32418,2025-07-10 19:47:45.800823,2025-07-10 19:47:45.936789,2025-07-10 19:47:45.936789,success,,,postgres_dwh_initial_load_dag,scheduled__2025-07-10T19:44:00+00:00
102,raw_crm_sales_details,incremental,0,2025-07-06 23:05:08.325681,2025-07-06 23:05:28.067314,2025-07-06 23:05:28.067314,failed,Memory limit exceeded during processing,sales_details_inc_20250706_2305.csv,weekly_maintenance_dag,scheduled__2025-07-06T23:04:00+00:00
103,raw_erp_px_cat_g1v2,incremental,32,2025-07-10 10:00:14.864209,2025-07-10 10:00:15.933688,2025-07-10 10:00:15.933688,success,,px_cat_g1v2_inc_20250710_1000.csv,postgres_dwh_initial_load_dag,scheduled__2025-07-10T10:00:00+00:00
104,raw_crm_cust_info,incremental,1798,2025-07-08 06:11:38.252206,2025-07-08 06:20:56.880593,2025-07-08 06:20:56.880593,success,,cust_info_inc_20250708_0611.csv,incremental_load_dag,scheduled__2025-07-08T06:08:00+00:00
105,raw_crm_sales_details,incremental,24162,2025-07-03 18:21:22.225783,2025-07-03 18:21:37.194998,2025-07-03 18:21:37.194998,success,,sales_details_inc_20250703_1821.csv,daily_refresh_dag,scheduled__2025-07-03T18:20:00+00:00
106,raw_crm_sales_details,incremental,32478,2025-07-07 02:15:20.723911,2025-07-07 02:15:21.951628,2025-07-07 02:15:21.951628,success,,sales_details_inc_20250707_0215.csv,postgres_dwh_initial_load_dag,manual__2025-07-07T02:15:20.578+00:00
107,raw_crm_cust_info,incremental,0,2025-07-10 12:24:41.990540,2025-07-10 12:24:43.209888,2025-07-10 12:24:43.209888,success,,cust_info_inc_20250710_1224.csv,postgres_dwh_initial_load_dag,scheduled__2025-07-10T12:24:00+00:00
108,raw_crm_cust_info,incremental,1195,2025-07-09 01:21:56.798244,2025-07-09 01:25:19.621755,2025-07-09 01:25:19.621755,success,,cust_info_inc_20250709_0121.csv,postgres_dwh_initial_load_dag,scheduled__2025-07-09T01:20:00+00:00
109,raw_erp_cust_az12,incremental,1281,2025-07-09 04:25:20.152054,2025-07-09 04:31:28.226714,2025-07-09 04:31:28.226714,success,,cust_az12_inc_20250709_0425.csv,daily_refresh_dag,scheduled__2025-07-09T04:24:00+00:00
110,raw_crm_prd_info,incremental,109,2025-07-06 10:03:49.663034,2025-07-06 10:10:26.996722,2025-07-06 10:10:26.996722,success,,prd_info_inc_20250706_1003.csv,daily_refresh_dag,scheduled__2025-07-06T10:00:00+00:00
111,raw_crm_sales_details,incremental,0,2025-07-03 18:54:30.847053,2025-07-03 18:54:32.517968,2025-07-03 18:54:32.517968,failed,Data validation failed - null values in required columns,sales_details_inc_20250703_1854.csv,daily_refresh_dag,scheduled__2025-07-03T18:52:00+00:00
112,raw_crm_cust_info,incremental,1686,2025-07-07 11:20:07.070557,2025-07-07 11:20:08.270682,2025-07-07 11:20:08.270682,success,,cust_info_inc_20250707_1120.csv,incremental_load_dag,scheduled__2025-07-07T11:20:00+00:00
113,raw_erp_cust_az12,incremental,863,2025-07-04 01:50:30.688867,2025-07-04 01:50:32.455798,2025-07-04 01:50:32.455798,success,,cust_az12_inc_20250704_0150.csv,weekly_maintenance_dag,scheduled__2025-07-04T01:48:00+00:00
114,raw_erp_loc_a101,incremental,660,2025-07-06 03:08:08.854840,2025-07-06 03:08:22.344486,2025-07-06 03:08:22.344486,success,,loc_a101_inc_20250706_0308.csv,postgres_dwh_initial_load_dag,scheduled__2025-07-06T03:08:00+00:00
115,raw_erp_cust_az12,incremental,935,2025-07-04 03:08:05.558420,2025-07-04 03:08:05.661204,2025-07-04 03:08:05.661204,success,,cust_az12_inc_20250704_0308.csv,postgres_dwh_initial_load_dag,scheduled__2025-07-04T03:08:00+00:00
116,raw_crm_sales_details,incremental,29862,2025-07-03 14:09:46.316161,2025-07-03 14:09:57.398705,2025-07-03 14:09:57.398705,success,,sales_details_inc_20250703_1409.csv,postgres_dwh_initial_load_dag,scheduled__2025-07-03T14:08:00+00:00
117,raw_erp_cust_az12,incremental,1415,2025-07-08 00:51:31.224478,2025-07-08 00:59:37.824323,2025-07-08 00:59:37.824323,success,,cust_az12_inc_20250708_0051.csv,postgres_dwh_initial_load_dag,manual__2025-07-08T00:51:31.068+00:00
118,raw_crm_sales_details,incremental,30384,2025-07-09 10:34:20.934901,2025-07-09 10:34:26.875566,2025-07-09 10:34:26.875566,success,,sales_details_inc_20250709_1034.csv,emergency_reload_dag,scheduled__2025-07-09T10:32:00+00:00
119,raw_erp_px_cat_g1v2,incremental,25,2025-07-03 14:08:12.263220,2025-07-03 14:08:34.036963,2025-07-03 14:08:34.036963,success,,px_cat_g1v2_inc_20250703_1408.csv,postgres_dwh_initial_load_dag,manual__2025-07-03T14:08:12.008+00:00
120,raw_crm_cust_info,incremental,0,2025-07-04 20:28:59.023092,2025-07-04 20:29:25.816484,2025-07-04 20:29:25.816484,failed,Source table locked by another process,cust_info_inc_20250704_2028.csv,postgres_dwh_initial_load_dag,scheduled__2025-07-04T20:28:00+00:00
121,raw_erp_px_cat_g1v2,incremental,0,2025-07-10 10:16:38.084415,2025-07-10 10:21:45.776189,2025-07-10 10:21:45.776189,failed,File not found in staging directory,px_cat_g1v2_inc_20250710_1016.csv,emergency_reload_dag,scheduled__2025-07-10T10:16:00+00:00
122,raw_erp_cust_az12,incremental,877,2025-07-07 08:57:40.934114,2025-07-07 09:06:16.204089,2025-07-07 09:06:16.204089,success,,cust_az12_inc_20250707_0857.csv,incremental_load_dag,scheduled__2025-07-07T08:56:00+00:00
123,raw_crm_cust_info,incremental,1869,2025-07-04 20:18:53.134433,2025-07-04 20:18:53.960125,2025-07-04 20:18:53.960125,success,,cust_info_inc_20250704_2018.csv,emergency_reload_dag,scheduled__2025-07-04T20:16:00+00:00
124,raw_crm_sales_details,incremental,20191,2025-07-05 11:00:25.686237,2025-07-05 11:00:31.344307,2025-07-05 11:00:31.344307,success,,sales_details_inc_20250705_1100.csv,daily_refresh_dag,scheduled__2025-07-05T11:00:00+00:00
125,raw_erp_cust_az12,incremental,1051,2025-07-08 11:12:12.154391,2025-07-08 11:12:13.321175,2025-07-08 11:12:13.321175,success,,cust_az12_inc_20250708_1112.csv,incremental_load_dag,scheduled__2025-07-08T11:12:00+00:00
126,raw_erp_cust_az12,incremental,1051,2025-07-10 17:49:28.351797,2025-07-10 17:50:52.903881,2025-07-10 17:50:52.903881,success,,cust_az12_inc_20250710_1749.csv,postgres_dwh_initial_load_dag,scheduled__2025-07-10T17:48:00+00:00
127,raw_erp_px_cat_g1v2,incremental,18,2025-07-04 06:46:14.953018,2025-07-04 06:46:44.323351,2025-07-04 06:46:44.323351,success,,px_cat_g1v2_inc_20250704_0646.csv,incremental_load_dag,scheduled__2025-07-04T06:44:00+00:00
128,raw_crm_sales_details,incremental,28939,2025-07-03 21:16:20.158427,2025-07-03 21:16:21.032318,2025-07-03 21:16:21.032318,success,,sales_details_inc_20250703_2116.csv,postgres_dwh_initial_load_dag,scheduled__2025-07-03T21:16:00+00:00
129,raw_erp_cust_az12,incremental,978,2025-07-06 08:57:52.518255,2025-07-06 08:57:53.406955,2025-07-06 08:57:53.406955,success,,cust_az12_inc_20250706_0857.csv,postgres_dwh_initial_load_dag,scheduled__2025-07-06T08:56:00+00:00
130,raw_crm_cust_info,incremental,0,2025-07-10 18:49:08.600910,2025-07-10 18:56:23.389428,2025-07-10 18:56:23.389428,failed,File not found in staging directory,cust_info_inc_20250710_1849.csv,postgres_dwh_initial_load_dag,scheduled__2025-07-10T18:48:00+00:00
131,raw_erp_loc_a101,incremental,612,2025-07-08 16:37:13.892117,2025-07-08 16:37:18.218501,2025-07-08 16:37:18.218501,success,,loc_a101_inc_20250708_1637.csv,postgres_dwh_initial_load_dag,scheduled__2025-07-08T16:36:00+00:00
132,raw_crm_prd_info,incremental,112,2025-07-06 02:35:18.714381,2025-07-06 02:35:19.570540,2025-07-06 02:35:19.570540,success,,prd_info_inc_20250706_0235.csv,postgres_dwh_initial_load_dag,manual__2025-07-06T02:35:18.048+00:00
133,raw_erp_px_cat_g1v2,incremental,31,2025-07-04 07:08:24.243187,2025-07-04 07:15:54.318499,2025-07-04 07:15:54.318499,success,,px_cat_g1v2_inc_20250704_0708.csv,postgres_dwh_initial_load_dag,scheduled__2025-07-04T07:08:00+00:00
134,raw_erp_px_cat_g1v2,incremental,25,2025-07-06 04:19:45.041677,2025-07-06 04:19:50.092846,2025-07-06 04:19:50.092846,success,,px_cat_g1v2_inc_20250706_0419.csv,incremental_load_dag,scheduled__2025-07-06T04:16:00+00:00
135,raw_erp_loc_a101,incremental,0,2025-07-04 19:09:25.715925,2025-07-04 19:09:26.238410,2025-07-04 19:09:26.238410,failed,Permission denied accessing source file,loc_a101_inc_20250704_1909.csv,daily_refresh_dag,scheduled__2025-07-04T19:08:00+00:00
136,raw_erp_cust_az12,incremental,1363,2025-07-06 19:48:25.281588,2025-07-06 19:48:25.525298,2025-07-06 19:48:25.525298,success,,cust_az12_inc_20250706_1948.csv,incremental_load_dag,scheduled__2025-07-06T19:48:00+00:00
137,raw_erp_loc_a101,incremental,560,2025-07-05 01:50:28.013500,2025-07-05 01:50:28.373592,2025-07-05 01:50:28.373592,success,,loc_a101_inc_20250705_0150.csv,weekly_maintenance_dag,scheduled__2025-07-05T01:48:00+00:00
138,raw_erp_cust_az12,incremental,904,2025-07-04 23:54:12.113594,2025-07-04 23:54:12.639920,2025-07-04 23:54:12.639920,success,,cust_az12_inc_20250704_2354.csv,incremental_load_dag,scheduled__2025-07-04T23:52:00+00:00
139,raw_crm_sales_details,incremental,0,2025-07-03 17:23:31.006428,2025-07-03 17:25:15.467149,2025-07-03 17:25:15.467149,failed,Memory limit exceeded during processing,sales_details_inc_20250703_1723.csv,weekly_maintenance_dag,scheduled__2025-07-03T17:20:00+00:00
140,raw_crm_sales_details,incremental,19021,2025-07-09 06:49:13.877795,2025-07-09 06:49:17.422474,2025-07-09 06:49:17.422474,success,,sales_details_inc_20250709_0649.csv,daily_refresh_dag,scheduled__2025-07-09T06:48:00+00:00
141,raw_crm_prd_info,incremental,176,2025-07-10 23:23:42.862741,2025-07-10 23:23:43.499254,2025-07-10 23:23:43.499254,success,,prd_info_inc_20250710_2323.csv,incremental_load_dag,scheduled__2025-07-10T23:20:00+00:00
142,raw_erp_loc_a101,incremental,837,2025-07-09 22:38:03.349925,2025-07-09 22:46:08.215601,2025-07-09 22:46:08.215601,success,,loc_a101_inc_20250709_2238.csv,incremental_load_dag,scheduled__2025-07-09T22:36:00+00:00
143,raw_crm_sales_details,incremental,20026,2025-07-06 02:42:46.651875,2025-07-06 02:43:02.989914,2025-07-06 02:43:02.989914,success,,sales_details_inc_20250706_0242.csv,postgres_dwh_initial_load_dag,scheduled__2025-07-06T02:40:00+00:00
144,raw_crm_prd_info,incremental,164,2025-07-03 18:43:35.875054,2025-07-03 18:43:37.730917,2025-07-03 18:43:37.730917,success,,prd_info_inc_20250703_1843.csv,postgres_dwh_initial_load_dag,scheduled__2025-07-03T18:40:00+00:00
145,raw_crm_sales_details,incremental,17861,2025-07-09 01:36:29.364254,2025-07-09 01:36:56.513794,2025-07-09 01:36:56.513794,success,,sales_details_inc_20250709_0136.csv,incremental_load_dag,manual__2025-07-09T01:36:29.257+00:00
146,raw_crm_prd_info,incremental,0,2025-07-10 09:06:39.428579,2025-07-10 09:06:46.804126,2025-07-10 09:06:46.804126,success,,prd_info_inc_20250710_0906.csv,daily_refresh_dag,scheduled__2025-07-10T09:04:00+00:00
147,raw_erp_cust_az12,incremental,1031,2025-07-03 20:47:25.925081,2025-07-03 20:47:27.623172,2025-07-03 20:47:27.623172,success,,cust_az12_inc_20250703_2047.csv,weekly_maintenance_dag,scheduled__2025-07-03T20:44:00+00:00
148,raw_erp_cust_az12,incremental,1005,2025-07-05 20:21:46.805912,2025-07-05 20:29:03.678929,2025-07-05 20:29:03.678929,success,,cust_az12_inc_20250705_2021.csv,daily_refresh_dag,manual__2025-07-05T20:21:46.035+00:00
149,raw_erp_cust_az12,incremental,899,2025-07-08 18:05:39.614011,2025-07-08 18:05:39.719895,2025-07-08 18:05:39.719895,success,,cust_az12_inc_20250708_1805.csv,incremental_load_dag,scheduled__2025-07-08T18:04:00+00:00
150,raw_crm_cust_info,incremental,0,2025-07-04 02:25:10.557546,2025-07-04 02:30:29.313198,2025-07-04 02:30:29.313198,success,,cust_info_inc_20250704_0225.csv,postgres_dwh_initial_load_dag,scheduled__2025-07-04T02:24:00+00:00
151,raw_crm_sales_details,incremental,25561,2025-07-03 22:40:36.506734,2025-07-03 22:41:00.338792,2025-07-03 22:41:00.338792,success,,sales_details_inc_20250703_2240.csv,incremental_load_dag,manual__2025-07-03T22:40:36.223+00:00
152,raw_crm_sales_details,incremental,29444,2025-07-10 08:18:26.849544,2025-07-10 08:18:48.579952,2025-07-10 08:18:48.579952,success,,sales_details_inc_20250710_0818.csv,postgres_dwh_initial_load_dag,manual__2025-07-10T08:18:25.967+00:00
153,raw_erp_loc_a101,incremental,724,2025-07-05 05:40:49.011013,2025-07-05 05:43:54.795838,2025-07-05 05:43:54.795838,success,,loc_a101_inc_20250705_0540.csv,postgres_dwh_initial_load_dag,scheduled__2025-07-05T05:40:00+00:00
154,raw_erp_cust_az12,incremental,0,2025-07-09 21:23:28.999742,2025-07-09 21:28:40.526870,2025-07-09 21:28:40.526870,failed,Data type conversion error,cust_az12_inc_20250709_2123.csv,postgres_dwh_initial_load_dag,scheduled__2025-07-09T21:20:00+00:00
155,raw_erp_px_cat_g1v2,incremental,24,2025-07-04 20:26:26.789849,2025-07-04 20:27:29.760523,2025-07-04 20:27:29.760523,success,,px_cat_g1v2_inc_20250704_2026.csv,daily_refresh_dag,scheduled__2025-07-04T20:24:00+00:00
156,raw_crm_sales_details,incremental,23915,2025-07-09 19:28:27.240322,2025-07-09 19:28:28.352514,2025-07-09 19:28:28.352514,success,,sales_details_inc_20250709_1928.csv,postgres_dwh_initial_load_dag,scheduled__2025-07-09T19:28:00+00:00
157,raw_crm_cust_info,incremental,1806,2025-07-04 14:19:23.888706,2025-07-04 14:19:25.341295,2025-07-04 14:19:25.341295,success,,cust_info_inc_20250704_1419.csv,incremental_load_dag,scheduled__2025-07-04T14:16:00+00:00
158,raw_crm_sales_details,incremental,26846,2025-07-09 13:08:49.452211,2025-07-09 13:15:24.782143,2025-07-09 13:15:24.782143,success,,sales_details_inc_20250709_1308.csv,postgres_dwh_initial_load_dag,scheduled__2025-07-09T13:08:00+00:00
159,raw_crm_prd_info,incremental,135,2025-07-06 06:20:23.493820,2025-07-06 06:20:23.835974,2025-07-06 06:20:23.835974,success,,prd_info_inc_20250706_0620.csv,incremental_load_dag,scheduled__2025-07-06T06:20:00+00:00
160,raw_erp_px_cat_g1v2,incremental,18,2025-07-06 03:02:42.988728,2025-07-06 03:03:03.822040,2025-07-06 03:03:03.822040,success,,px_cat_g1v2_inc_20250706_0302.csv,postgres_dwh_initial_load_dag,scheduled__2025-07-06T03:00:00+00:00
161,raw_crm_cust_info,incremental,1390,2025-07-03 10:08:55.476365,2025-07-03 10:08:56.976751,2025-07-03 10:08:56.976751,success,,cust_info_inc_20250703_1008.csv,incremental_load_dag,scheduled__2025-07-03T10:08:00+00:00
162,raw_erp_cust_az12,initial,52496,2025-07-11 04:37:19.825235,2025-07-11 04:41:41.050261,2025-07-11 04:41:41.050261,success,,,postgres_dwh_initial_load_dag,scheduled__2025-07-11T04:36:00+00:00
163,raw_crm_cust_info,incremental,1246,2025-07-09 23:42:26.824075,2025-07-09 23:42:28.561716,2025-07-09 23:42:28.561716,success,,cust_info_inc_20250709_2342.csv,daily_refresh_dag,scheduled__2025-07-09T23:40:00+00:00
164,raw_crm_cust_info,incremental,0,2025-07-04 18:48:19.598035,2025-07-04 18:48:31.513378,2025-07-04 18:48:31.513378,failed,Data validation failed - null values in required columns,cust_info_inc_20250704_1848.csv,emergency_reload_dag,scheduled__2025-07-04T18:48:00+00:00
165,raw_crm_sales_details,incremental,21609,2025-07-04 08:42:03.740434,2025-07-04 08:42:05.736114,2025-07-04 08:42:05.736114,success,,sales_details_inc_20250704_0842.csv,weekly_maintenance_dag,scheduled__2025-07-04T08:40:00+00:00
166,raw_erp_cust_az12,incremental,1492,2025-07-04 19:27:06.249245,2025-07-04 19:32:27.759053,2025-07-04 19:32:27.759053,success,,cust_az12_inc_20250704_1927.csv,incremental_load_dag,scheduled__2025-07-04T19:24:00+00:00
167,raw_erp_cust_az12,incremental,1328,2025-07-05 14:07:37.462240,2025-07-05 14:10:34.773064,2025-07-05 14:10:34.773064,success,,cust_az12_inc_20250705_1407.csv,daily_refresh_dag,scheduled__2025-07-05T14:04:00+00:00
168,raw_crm_cust_info,incremental,1759,2025-07-10 02:27:27.656861,2025-07-10 02:27:41.983160,2025-07-10 02:27:41.983160,success,,cust_info_inc_20250710_0227.csv,postgres_dwh_initial_load_dag,scheduled__2025-07-10T02:24:00+00:00
169,raw_crm_sales_details,incremental,26750,2025-07-03 18:09:47.780502,2025-07-03 18:10:06.458659,2025-07-03 18:10:06.458659,success,,sales_details_inc_20250703_1809.csv,postgres_dwh_initial_load_dag,manual__2025-07-03T18:09:47.768+00:00
170,raw_erp_px_cat_g1v2,incremental,27,2025-07-04 19:32:43.148676,2025-07-04 19:40:16.759951,2025-07-04 19:40:16.759951,success,,px_cat_g1v2_inc_20250704_1932.csv,postgres_dwh_initial_load_dag,scheduled__2025-07-04T19:32:00+00:00
171,raw_crm_cust_info,incremental,1247,2025-07-05 22:41:36.818566,2025-07-05 22:48:40.136890,2025-07-05 22:48:40.136890,success,,cust_info_inc_20250705_2241.csv,incremental_load_dag,manual__2025-07-05T22:41:36.031+00:00
172,raw_erp_loc_a101,incremental,0,2025-07-06 04:08:48.248513,2025-07-06 04:18:17.568949,2025-07-06 04:18:17.568949,failed,Connection timeout to source database,loc_a101_inc_20250706_0408.csv,weekly_maintenance_dag,scheduled__2025-07-06T04:08:00+00:00
173,raw_erp_cust_az12,incremental,1313,2025-07-06 23:12:24.542812,2025-07-06 23:12:26.475339,2025-07-06 23:12:26.475339,success,,cust_az12_inc_20250706_2312.csv,postgres_dwh_initial_load_dag,scheduled__2025-07-06T23:12:00+00:00
174,raw_crm_sales_details,incremental,32020,2025-07-06 12:11:13.811349,2025-07-06 12:11:14.867778,2025-07-06 12:11:14.867778,success,,sales_details_inc_20250706_1211.csv,incremental_load_dag,scheduled__2025-07-06T12:08:00+00:00
175,raw_crm_cust_info,incremental,0,2025-07-05 04:21:57.496500,2025-07-05 04:22:21.189840,2025-07-05 04:22:21.189840,success,,cust_info_inc_20250705_0421.csv,daily_refresh_dag,scheduled__2025-07-05T04:20:00+00:00
176,raw_crm_sales_details,incremental,0,2025-07-10 19:26:32.738672,2025-07-10 19:26:33.234862,2025-07-10 19:26:33.234862,timeout,Operation timed out after 300 seconds,sales_details_inc_20250710_1926.csv,postgres_dwh_initial_load_dag,manual__2025-07-10T19:26:32.473+00:00
177,raw_crm_prd_info,incremental,165,2025-07-03 09:01:08.678309,2025-07-03 09:01:09.208306,2025-07-03 09:01:09.208306,success,,prd_info_inc_20250703_0901.csv,postgres_dwh_initial_load_dag,scheduled__2025-07-03T09:00:00+00:00
178,raw_erp_loc_a101,incremental,719,2025-07-05 06:46:25.450223,2025-07-05 06:49:32.828878,2025-07-05 06:49:32.828878,success,,loc_a101_inc_20250705_0646.csv,postgres_dwh_initial_load_dag,scheduled__2025-07-05T06:44:00+00:00
179,raw_erp_loc_a101,incremental,1028,2025-07-03 11:18:41.662487,2025-07-03 11:19:44.638324,2025-07-03 11:19:44.638324,success,,loc_a101_inc_20250703_1118.csv,postgres_dwh_initial_load_dag,scheduled__2025-07-03T11:16:00+00:00
180,raw_crm_sales_details,incremental,28269,2025-07-06 20:56:59.083861,2025-07-06 20:57:22.503993,2025-07-06 20:57:22.503993,success,,sales_details_inc_20250706_2056.csv,postgres_dwh_initial_load_dag,scheduled__2025-07-06T20:56:00+00:00
181,raw_crm_sales_details,incremental,0,2025-07-06 09:21:30.364901,2025-07-06 09:21:31.565667,2025-07-06 09:21:31.565667,failed,Data validation failed - null values in required columns,sales_details_inc_20250706_0921.csv,incremental_load_dag,scheduled__2025-07-06T09:20:00+00:00
182,raw_erp_loc_a101,incremental,786,2025-07-04 11:08:46.542482,2025-07-04 11:08:49.124173,2025-07-04 11:08:49.124173,success,,loc_a101_inc_20250704_1108.csv,incremental_load_dag,scheduled__2025-07-04T11:08:00+00:00
183,raw_erp_cust_az12,incremental,1538,2025-07-06 07:36:19.751182,2025-07-06 07:36:20.839666,2025-07-06 07:36:20.839666,success,,cust_az12_inc_20250706_0736.csv,postgres_dwh_initial_load_dag,scheduled__2025-07-06T07:36:00+00:00
184,raw_crm_prd_info,incremental,129,2025-07-10 09:04:04.815365,2025-07-10 09:11:02.420095,2025-07-10 09:11:02.420095,success,,prd_info_inc_20250710_0904.csv,postgres_dwh_initial_load_dag,scheduled__2025-07-10T09:04:00+00:00
185,raw_erp_loc_a101,incremental,920,2025-07-03 17:22:03.885220,2025-07-03 17:22:30.324909,2025-07-03 17:22:30.324909,success,,loc_a101_inc_20250703_1722.csv,daily_refresh_dag,scheduled__2025-07-03T17:20:00+00:00
186,raw_erp_loc_a101,incremental,902,2025-07-10 23:50:34.245018,2025-07-10 23:50:52.386502,2025-07-10 23:50:52.386502,success,,loc_a101_inc_20250710_2350.csv,daily_refresh_dag,scheduled__2025-07-10T23:48:00+00:00
187,raw_erp_cust_az12,incremental,0,2025-07-08 22:06:51.418223,2025-07-08 22:11:47.449141,2025-07-08 22:11:47.449141,success,,cust_az12_inc_20250708_2206.csv,postgres_dwh_initial_load_dag,scheduled__2025-07-08T22:04:00+00:00
188,raw_crm_prd_info,incremental,0,2025-07-07 09:09:00.389167,2025-07-07 09:09:15.725521,2025-07-07 09:09:15.725521,failed,Network connectivity issues,prd_info_inc_20250707_0909.csv,postgres_dwh_initial_load_dag,scheduled__2025-07-07T09:08:00+00:00
189,raw_crm_sales_details,incremental,19179,2025-07-05 13:21:52.256454,2025-07-05 13:21:53.745415,2025-07-05 13:21:53.745415,success,,sales_details_inc_20250705_1321.csv,daily_refresh_dag,scheduled__2025-07-05T13:20:00+00:00
190,raw_crm_cust_info,incremental,1495,2025-07-04 17:45:42.878209,2025-07-04 17:46:06.824015,2025-07-04 17:46:06.824015,success,,cust_info_inc_20250704_1745.csv,daily_refresh_dag,scheduled__2025-07-04T17:44:00+00:00
191,raw_crm_cust_info,incremental,1538,2025-07-06 10:13:38.498286,2025-07-06 10:13:39.130957,2025-07-06 10:13:39.130957,success,,cust_info_inc_20250706_1013.csv,postgres_dwh_initial_load_dag,scheduled__2025-07-06T10:12:00+00:00
192,raw_crm_sales_details,incremental,0,2025-07-04 13:12:36.569984,2025-07-04 13:13:37.617218,2025-07-04 13:13:37.617218,failed,Insufficient disk space,sales_details_inc_20250704_1312.csv,incremental_load_dag,scheduled__2025-07-04T13:12:00+00:00
193,raw_crm_cust_info,incremental,0,2025-07-03 19:16:33.773920,2025-07-03 19:16:46.756335,2025-07-03 19:16:46.756335,success,,cust_info_inc_20250703_1916.csv,postgres_dwh_initial_load_dag,manual__2025-07-03T19:16:33.129+00:00
194,raw_erp_cust_az12,incremental,1466,2025-07-06 05:57:28.448035,2025-07-06 05:57:29.627559,2025-07-06 05:57:29.627559,success,,cust_az12_inc_20250706_0557.csv,postgres_dwh_initial_load_dag,scheduled__2025-07-06T05:56:00+00:00
195,raw_crm_cust_info,incremental,0,2025-07-04 00:59:40.017241,2025-07-04 01:08:38.547762,2025-07-04 01:08:38.547762,success,,cust_info_inc_20250704_0059.csv,postgres_dwh_initial_load_dag,scheduled__2025-07-04T00:56:00+00:00
196,raw_crm_prd_info,incremental,0,2025-07-06 16:36:06.202093,2025-07-06 16:36:06.598337,2025-07-06 16:36:06.598337,success,,prd_info_inc_20250706_1636.csv,weekly_maintenance_dag,manual__2025-07-06T16:36:05.361+00:00
197,raw_erp_cust_az12,incremental,1546,2025-07-06 01:39:36.323153,2025-07-06 01:39:36.670991,2025-07-06 01:39:36.670991,success,,cust_az12_inc_20250706_0139.csv,incremental_load_dag,scheduled__2025-07-06T01:36:00+00:00
198,raw_crm_cust_info,incremental,0,2025-07-09 17:25:23.034675,2025-07-09 17:26:20.219919,2025-07-09 17:26:20.219919,failed,Source table locked by another process,cust_info_inc_20250709_1725.csv,postgres_dwh_initial_load_dag,scheduled__2025-07-09T17:24:00+00:00
199,raw_crm_cust_info,incremental,0,2025-07-05 10:45:39.516476,2025-07-05 10:46:50.404184,2025-07-05 10:46:50.404184,failed,Connection timeout to source database,cust_info_inc_20250705_1045.csv,postgres_dwh_initial_load_dag,scheduled__2025-07-05T10:44:00+00:00
200,raw_crm_sales_details,incremental,18326,2025-07-04 14:41:59.309130,2025-07-04 14:42:30.675846,2025-07-04 14:42:30.675846,success,,sales_details_inc_20250704_1441.csv,incremental_load_dag,scheduled__2025-07-04T14:40:00+00:00
201,raw_crm_sales_details,incremental,24280,2025-07-05 08:00:59.948738,2025-07-05 08:07:41.908072,2025-07-05 08:07:41.908072,success,,sales_details_inc_20250705_0800.csv,daily_refresh_dag,scheduled__2025-07-05T08:00:00+00:00
202,raw_crm_cust_info,incremental,1277,2025-07-07 10:23:45.733576,2025-07-07 10:24:10.939316,2025-07-07 10:24:10.939316,success,,cust_info_inc_20250707_1023.csv,postgres_dwh_initial_load_dag,manual__2025-07-07T10:23:45.588+00:00
203,raw_crm_prd_info,incremental,170,2025-07-09 07:58:43.547526,2025-07-09 07:58:43.827567,2025-07-09 07:58:43.827567,success,,prd_info_inc_20250709_0758.csv,weekly_maintenance_dag,scheduled__2025-07-09T07:56:00+00:00
204,raw_erp_loc_a101,incremental,689,2025-07-10 22:26:05.714734,2025-07-10 22:26:14.046436,2025-07-10 22:26:14.046436,success,,loc_a101_inc_20250710_2226.csv,postgres_dwh_initial_load_dag,scheduled__2025-07-10T22:24:00+00:00
205,raw_crm_cust_info,incremental,1432,2025-07-03 21:25:00.277513,2025-07-03 21:30:44.086713,2025-07-03 21:30:44.086713,success,,cust_info_inc_20250703_2124.csv,daily_refresh_dag,scheduled__2025-07-03T21:24:00+00:00
206,raw_erp_loc_a101,initial,11549,2025-07-10 00:07:10.815095,2025-07-10 00:16:30.116270,2025-07-10 00:16:30.116270,success,,,postgres_dwh_initial_load_dag,scheduled__2025-07-10T00:04:00+00:00
207,raw_erp_loc_a101,incremental,847,2025-07-05 21:53:35.962339,2025-07-05 21:54:03.358001,2025-07-05 21:54:03.358001,success,,loc_a101_inc_20250705_2153.csv,weekly_maintenance_dag,scheduled__2025-07-05T21:52:00+00:00
208,raw_crm_sales_details,initial,445418,2025-07-05 10:19:34.976715,2025-07-05 10:24:02.422034,2025-07-05 10:24:02.422034,success,,,postgres_dwh_initial_load_dag,scheduled__2025-07-05T10:16:00+00:00
209,raw_crm_sales_details,incremental,25968,2025-07-04 00:08:17.823887,2025-07-04 00:08:26.041613,2025-07-04 00:08:26.041613,success,,sales_details_inc_20250704_0008.csv,postgres_dwh_initial_load_dag,scheduled__2025-07-04T00:08:00+00:00
210,raw_crm_prd_info,incremental,140,2025-07-08 13:29:09.767299,2025-07-08 13:29:15.553033,2025-07-08 13:29:15.553033,success,,prd_info_inc_20250708_1329.csv,emergency_reload_dag,scheduled__2025-07-08T13:28:00+00:00
211,raw_erp_cust_az12,incremental,1495,2025-07-06 16:22:04.714945,2025-07-06 16:22:06.450308,2025-07-06 16:22:06.450308,success,,cust_az12_inc_20250706_1622.csv,postgres_dwh_initial_load_dag,scheduled__2025-07-06T16:20:00+00:00
212,raw_erp_cust_az12,incremental,900,2025-07-06 01:04:26.141093,2025-07-06 01:11:36.048884,2025-07-06 01:11:36.048884,success,,cust_az12_inc_20250706_0104.csv,weekly_maintenance_dag,manual__2025-07-06T01:04:25.169+00:00
213,raw_crm_sales_details,incremental,0,2025-07-10 20:46:27.227661,2025-07-10 20:46:27.363110,2025-07-10 20:46:27.363110,failed,Network connectivity issues,sales_details_inc_20250710_2046.csv,incremental_load_dag,scheduled__2025-07-10T20:44:00+00:00
214,raw_erp_loc_a101,incremental,0,2025-07-04 00:01:44.603340,2025-07-04 00:01:45.147475,2025-07-04 00:01:45.147475,success,,loc_a101_inc_20250704_0001.csv,emergency_reload_dag,scheduled__2025-07-04T00:00:00+00:00
215,raw_erp_px_cat_g1v2,incremental,17,2025-07-07 21:15:23.855524,2025-07-07 21:21:26.818258,2025-07-07 21:21:26.818258,success,,px_cat_g1v2_inc_20250707_2115.csv,incremental_load_dag,scheduled__2025-07-07T21:12:00+00:00
216,raw_crm_prd_info,incremental,116,2025-07-06 17:40:00.428301,2025-07-06 17:40:02.059177,2025-07-06 17:40:02.059177,success,,prd_info_inc_20250706_1740.csv,postgres_dwh_initial_load_dag,scheduled__2025-07-06T17:40:00+00:00
217,raw_erp_loc_a101,incremental,943,2025-07-06 13:53:07.845750,2025-07-06 13:53:25.500057,2025-07-06 13:53:25.500057,success,,loc_a101_inc_20250706_1353.csv,daily_refresh_dag,manual__2025-07-06T13:53:07.154+00:00
218,raw_crm_sales_details,incremental,0,2025-07-08 20:43:55.859452,2025-07-08 20:45:46.567910,2025-07-08 20:45:46.567910,success,,sales_details_inc_20250708_2043.csv,daily_refresh_dag,scheduled__2025-07-08T20:40:00+00:00
219,raw_erp_loc_a101,incremental,1014,2025-07-06 15:55:10.029036,2025-07-06 15:55:17.333842,2025-07-06 15:55:17.333842,success,,loc_a101_inc_20250706_1555.csv,daily_refresh_dag,scheduled__2025-07-06T15:52:00+00:00
220,raw_erp_cust_az12,incremental,1087,2025-07-11 00:20:47.418934,2025-07-11 00:20:48.613525,2025-07-11 00:20:48.613525,success,,cust_az12_inc_20250711_0020.csv,postgres_dwh_initial_load_dag,scheduled__2025-07-11T00:20:00+00:00
221,raw_crm_sales_details,incremental,25661,2025-07-04 11:42:42.444345,2025-07-04 11:45:21.205094,2025-07-04 11:45:21.205094,success,,sales_details_inc_20250704_1142.csv,postgres_dwh_initial_load_dag,scheduled__2025-07-04T11:40:00+00:00
222,raw_erp_cust_az12,incremental,1427,2025-07-11 05:36:55.509409,2025-07-11 05:36:56.386155,2025-07-11 05:36:56.386155,success,,cust_az12_inc_20250711_0536.csv,weekly_maintenance_dag,manual__2025-07-11T05:36:55.246+00:00
223,raw_crm_sales_details,incremental,31812,2025-07-09 16:51:20.580490,2025-07-09 16:51:46.941386,2025-07-09 16:51:46.941386,success,,sales_details_inc_20250709_1651.csv,daily_refresh_dag,manual__2025-07-09T16:51:19.826+00:00
224,raw_erp_cust_az12,incremental,1194,2025-07-06 03:05:03.535187,2025-07-06 03:10:18.581917,2025-07-06 03:10:18.581917,success,,cust_az12_inc_20250706_0305.csv,daily_refresh_dag,scheduled__2025-07-06T03:04:00+00:00
225,raw_crm_cust_info,incremental,1307,2025-07-06 16:59:16.629655,2025-07-06 17:07:11.249285,2025-07-06 17:07:11.249285,success,,cust_info_inc_20250706_1659.csv,postgres_dwh_initial_load_dag,scheduled__2025-07-06T16:56:00+00:00
226,raw_erp_loc_a101,incremental,0,2025-07-10 19:10:38.470602,2025-07-10 19:10:56.163618,2025-07-10 19:10:56.163618,success,,loc_a101_inc_20250710_1910.csv,postgres_dwh_initial_load_dag,scheduled__2025-07-10T19:08:00+00:00
227,raw_crm_cust_info,incremental,0,2025-07-05 16:27:19.760243,2025-07-05 16:27:41.457588,2025-07-05 16:27:41.457588,failed,Data type conversion error,cust_info_inc_20250705_1627.csv,postgres_dwh_initial_load_dag,scheduled__2025-07-05T16:24:00+00:00
228,raw_erp_cust_az12,incremental,1090,2025-07-08 22:04:21.788261,2025-07-08 22:04:26.983064,2025-07-08 22:04:26.983064,success,,cust_az12_inc_20250708_2204.csv,weekly_maintenance_dag,scheduled__2025-07-08T22:04:00+00:00
229,raw_erp_loc_a101,incremental,931,2025-07-08 15:43:03.083010,2025-07-08 15:48:06.889558,2025-07-08 15:48:06.889558,success,,loc_a101_inc_20250708_1543.csv,postgres_dwh_initial_load_dag,scheduled__2025-07-08T15:40:00+00:00
230,raw_erp_cust_az12,incremental,1460,2025-07-08 16:40:29.638271,2025-07-08 16:40:43.549755,2025-07-08 16:40:43.549755,success,,cust_az12_inc_20250708_1640.csv,postgres_dwh_initial_load_dag,scheduled__2025-07-08T16:40:00+00:00
231,raw_erp_loc_a101,incremental,587,2025-07-09 03:01:47.868424,2025-07-09 03:01:48.344142,2025-07-09 03:01:48.344142,success,,loc_a101_inc_20250709_0301.csv,daily_refresh_dag,scheduled__2025-07-09T03:00:00+00:00
232,raw_erp_px_cat_g1v2,incremental,30,2025-07-09 00:40:47.868570,2025-07-09 00:41:03.527052,2025-07-09 00:41:03.527052,success,,px_cat_g1v2_inc_20250709_0040.csv,incremental_load_dag,scheduled__2025-07-09T00:40:00+00:00
233,raw_crm_sales_details,incremental,0,2025-07-10 16:13:10.699038,2025-07-10 16:19:46.657837,2025-07-10 16:19:46.657837,success,,sales_details_inc_20250710_1613.csv,incremental_load_dag,scheduled__2025-07-10T16:12:00+00:00
234,raw_crm_sales_details,initial,580409,2025-07-08 09:23:47.047771,2025-07-08 09:23:50.172792,2025-07-08 09:23:50.172792,success,,,postgres_dwh_initial_load_dag,scheduled__2025-07-08T09:20:00+00:00
235,raw_erp_px_cat_g1v2,incremental,30,2025-07-05 01:04:08.730334,2025-07-05 01:08:23.801481,2025-07-05 01:08:23.801481,success,,px_cat_g1v2_inc_20250705_0104.csv,postgres_dwh_initial_load_dag,scheduled__2025-07-05T01:04:00+00:00
236,raw_crm_prd_info,incremental,0,2025-07-09 06:16:19.464015,2025-07-09 06:18:34.978039,2025-07-09 06:18:34.978039,failed,Memory limit exceeded during processing,prd_info_inc_20250709_0616.csv,postgres_dwh_initial_load_dag,scheduled__2025-07-09T06:16:00+00:00
237,raw_erp_loc_a101,incremental,1001,2025-07-04 23:04:39.713120,2025-07-04 23:04:41.282559,2025-07-04 23:04:41.282559,success,,loc_a101_inc_20250704_2304.csv,postgres_dwh_initial_load_dag,scheduled__2025-07-04T23:04:00+00:00
238,raw_crm_sales_details,incremental,22746,2025-07-07 07:19:49.560121,2025-07-07 07:20:08.748492,2025-07-07 07:20:08.748492,success,,sales_details_inc_20250707_0719.csv,incremental_load_dag,scheduled__2025-07-07T07:16:00+00:00
239,raw_crm_sales_details,incremental,26069,2025-07-07 14:11:32.252320,2025-07-07 14:12:00.953364,2025-07-07 14:12:00.953364,success,,sales_details_inc_20250707_1411.csv,postgres_dwh_initial_load_dag,scheduled__2025-07-07T14:08:00+00:00
240,raw_crm_sales_details,initial,456534,2025-07-11 05:18:56.154932,2025-07-11 05:18:56.519650,2025-07-11 05:18:56.519650,success,,,postgres_dwh_initial_load_dag,scheduled__2025-07-11T05:16:00+00:00
241,raw_erp_cust_az12,incremental,1086,2025-07-03 22:28:06.257536,2025-07-03 22:28:18.425165,2025-07-03 22:28:18.425165,success,,cust_az12_inc_20250703_2228.csv,postgres_dwh_initial_load_dag,scheduled__2025-07-03T22:28:00+00:00
242,raw_crm_prd_info,incremental,0,2025-07-07 04:30:20.016794,2025-07-07 04:30:20.209065,2025-07-07 04:30:20.209065,failed,File not found in staging directory,prd_info_inc_20250707_0430.csv,weekly_maintenance_dag,scheduled__2025-07-07T04:28:00+00:00
243,raw_crm_prd_info,incremental,168,2025-07-09 16:46:57.490821,2025-07-09 16:46:58.436568,2025-07-09 16:46:58.436568,success,,prd_info_inc_20250709_1646.csv,postgres_dwh_initial_load_dag,scheduled__2025-07-09T16:44:00+00:00
244,raw_crm_cust_info,incremental,0,2025-07-04 01:17:11.662519,2025-07-04 01:17:12.499248,2025-07-04 01:17:12.499248,success,,cust_info_inc_20250704_0117.csv,postgres_dwh_initial_load_dag,scheduled__2025-07-04T01:16:00+00:00
245,raw_crm_prd_info,incremental,0,2025-07-06 08:56:21.210096,2025-07-06 09:01:19.368960,2025-07-06 09:01:19.368960,failed,Insufficient disk space,prd_info_inc_20250706_0856.csv,emergency_reload_dag,scheduled__2025-07-06T08:56:00+00:00
246,raw_crm_sales_details,incremental,29852,2025-07-03 14:39:06.496776,2025-07-03 14:45:01.254618,2025-07-03 14:45:01.254618,success,,sales_details_inc_20250703_1439.csv,postgres_dwh_initial_load_dag,scheduled__2025-07-03T14:36:00+00:00
247,raw_crm_cust_info,incremental,1181,2025-07-10 11:50:29.552036,2025-07-10 11:50:30.415038,2025-07-10 11:50:30.415038,success,,cust_info_inc_20250710_1150.csv,postgres_dwh_initial_load_dag,scheduled__2025-07-10T11:48:00+00:00
248,raw_crm_cust_info,incremental,1167,2025-07-06 00:39:55.359624,2025-07-06 00:48:49.449652,2025-07-06 00:48:49.449652,success,,cust_info_inc_20250706_0039.csv,postgres_dwh_initial_load_dag,scheduled__2025-07-06T00:36:00+00:00
249,raw_crm_cust_info,incremental,1247,2025-07-05 06:24:53.673439,2025-07-05 06:25:06.733707,2025-07-05 06:25:06.733707,success,,cust_info_inc_20250705_0624.csv,incremental_load_dag,scheduled__2025-07-05T06:24:00+00:00
250,raw_crm_cust_info,incremental,1495,2025-07-09 11:17:28.918254,2025-07-09 11:17:57.100870,2025-07-09 11:17:57.100870,success,,cust_info_inc_20250709_1117.csv,postgres_dwh_initial_load_dag,manual__2025-07-09T11:17:28.686+00:00
251,raw_erp_cust_az12,incremental,1023,2025-07-06 05:31:53.053621,2025-07-06 05:31:53.440870,2025-07-06 05:31:53.440870,success,,cust_az12_inc_20250706_0531.csv,daily_refresh_dag,scheduled__2025-07-06T05:28:00+00:00
252,raw_erp_cust_az12,incremental,1262,2025-07-05 19:06:23.631957,2025-07-05 19:07:26.299987,2025-07-05 19:07:26.299987,success,,cust_az12_inc_20250705_1906.csv,postgres_dwh_initial_load_dag,scheduled__2025-07-05T19:04:00+00:00
253,raw_crm_sales_details,incremental,28344,2025-07-05 05:54:34.480119,2025-07-05 05:54:36.354825,2025-07-05 05:54:36.354825,success,,sales_details_inc_20250705_0554.csv,weekly_maintenance_dag,manual__2025-07-05T05:54:33.578+00:00
254,raw_erp_loc_a101,incremental,673,2025-07-04 01:30:50.518558,2025-07-04 01:31:18.720792,2025-07-04 01:31:18.720792,success,,loc_a101_inc_20250704_0130.csv,postgres_dwh_initial_load_dag,scheduled__2025-07-04T01:28:00+00:00
255,raw_erp_px_cat_g1v2,incremental,0,2025-07-05 21:13:20.052464,2025-07-05 21:13:21.017192,2025-07-05 21:13:21.017192,failed,Memory limit exceeded during processing,px_cat_g1v2_inc_20250705_2113.csv,emergency_reload_dag,scheduled__2025-07-05T21:12:00+00:00
256,raw_erp_cust_az12,incremental,1437,2025-07-08 23:28:54.805421,2025-07-08 23:31:37.847898,2025-07-08 23:31:37.847898,success,,cust_az12_inc_20250708_2328.csv,emergency_reload_dag,scheduled__2025-07-08T23:28:00+00:00
257,raw_erp_loc_a101,incremental,816,2025-07-10 19:10:58.213641,2025-07-10 19:16:46.813645,2025-07-10 19:16:46.813645,success,,loc_a101_inc_20250710_1910.csv,incremental_load_dag,scheduled__2025-07-10T19:08:00+00:00
258,raw_crm_cust_info,initial,0,2025-07-05 09:43:32.211522,2025-07-05 09:43:58.112545,2025-07-05 09:43:58.112545,failed,Connection timeout to source database,,postgres_dwh_initial_load_dag,scheduled__2025-07-05T09:40:00+00:00
259,raw_erp_loc_a101,incremental,705,2025-07-10 23:58:37.225071,2025-07-11 00:05:38.177939,2025-07-11 00:05:38.177939,success,,loc_a101_inc_20250710_2358.csv,weekly_maintenance_dag,scheduled__2025-07-10T23:56:00+00:00
260,raw_erp_cust_az12,incremental,1388,2025-07-09 10:55:56.141618,2025-07-09 10:56:24.689157,2025-07-09 10:56:24.689157,success,,cust_az12_inc_20250709_1055.csv,incremental_load_dag,scheduled__2025-07-09T10:52:00+00:00
261,raw_crm_sales_details,incremental,23728,2025-07-07 10:54:16.696716,2025-07-07 11:02:15.401026,2025-07-07 11:02:15.401026,success,,sales_details_inc_20250707_1054.csv,incremental_load_dag,manual__2025-07-07T10:54:16.275+00:00
262,raw_erp_cust_az12,incremental,1041,2025-07-04 01:55:32.729168,2025-07-04 01:58:23.402780,2025-07-04 01:58:23.402780,success,,cust_az12_inc_20250704_0155.csv,postgres_dwh_initial_load_dag,scheduled__2025-07-04T01:52:00+00:00
263,raw_erp_loc_a101,incremental,0,2025-07-08 14:53:31.092266,2025-07-08 14:53:52.270663,2025-07-08 14:53:52.270663,success,,loc_a101_inc_20250708_1453.csv,incremental_load_dag,manual__2025-07-08T14:53:30.652+00:00
264,raw_crm_prd_info,incremental,175,2025-07-06 13:02:39.049922,2025-07-06 13:03:08.433942,2025-07-06 13:03:08.433942,success,,prd_info_inc_20250706_1302.csv,emergency_reload_dag,scheduled__2025-07-06T13:00:00+00:00
265,raw_crm_sales_details,incremental,28561,2025-07-09 10:14:21.494715,2025-07-09 10:14:21.945155,2025-07-09 10:14:21.945155,success,,sales_details_inc_20250709_1014.csv,emergency_reload_dag,scheduled__2025-07-09T10:12:00+00:00
266,raw_crm_sales_details,incremental,0,2025-07-10 01:16:18.019486,2025-07-10 01:16:19.307320,2025-07-10 01:16:19.307320,failed,Connection timeout to source database,sales_details_inc_20250710_0116.csv,incremental_load_dag,scheduled__2025-07-10T01:16:00+00:00
267,raw_erp_cust_az12,incremental,1504,2025-07-10 00:43:52.195571,2025-07-10 00:44:04.245708,2025-07-10 00:44:04.245708,success,,cust_az12_inc_20250710_0043.csv,daily_refresh_dag,scheduled__2025-07-10T00:40:00+00:00
268,raw_crm_cust_info,incremental,1377,2025-07-08 12:52:30.268179,2025-07-08 12:52:31.074801,2025-07-08 12:52:31.074801,success,,cust_info_inc_20250708_1252.csv,daily_refresh_dag,manual__2025-07-08T12:52:29.677+00:00
269,raw_erp_loc_a101,incremental,630,2025-07-04 00:01:22.556029,2025-07-04 00:08:28.849281,2025-07-04 00:08:28.849281,success,,loc_a101_inc_20250704_0001.csv,postgres_dwh_initial_load_dag,scheduled__2025-07-04T00:00:00+00:00
270,raw_erp_cust_az12,incremental,1069,2025-07-08 12:07:06.246001,2025-07-08 12:10:09.740653,2025-07-08 12:10:09.740653,success,,cust_az12_inc_20250708_1207.csv,postgres_dwh_initial_load_dag,manual__2025-07-08T12:07:05.359+00:00
271,raw_crm_sales_details,initial,499142,2025-07-04 09:52:41.544769,2025-07-04 09:54:31.654818,2025-07-04 09:54:31.654818,success,,,postgres_dwh_initial_load_dag,scheduled__2025-07-04T09:52:00+00:00
272,raw_crm_cust_info,incremental,1545,2025-07-11 06:48:30.157116,2025-07-11 06:49:46.676597,2025-07-11 06:49:46.676597,success,,cust_info_inc_20250711_0648.csv,postgres_dwh_initial_load_dag,scheduled__2025-07-11T06:48:00+00:00
273,raw_erp_loc_a101,incremental,640,2025-07-07 18:46:32.215441,2025-07-07 18:54:34.459800,2025-07-07 18:54:34.459800,success,,loc_a101_inc_20250707_1846.csv,incremental_load_dag,manual__2025-07-07T18:46:31.691+00:00
274,raw_erp_px_cat_g1v2,incremental,22,2025-07-04 17:03:32.603743,2025-07-04 17:03:57.066062,2025-07-04 17:03:57.066062,success,,px_cat_g1v2_inc_20250704_1703.csv,weekly_maintenance_dag,scheduled__2025-07-04T17:00:00+00:00
275,raw_erp_loc_a101,incremental,767,2025-07-03 15:10:47.895623,2025-07-03 15:11:17.084752,2025-07-03 15:11:17.084752,success,,loc_a101_inc_20250703_1510.csv,weekly_maintenance_dag,scheduled__2025-07-03T15:08:00+00:00
276,raw_crm_cust_info,incremental,1191,2025-07-09 22:22:02.092291,2025-07-09 22:22:14.196547,2025-07-09 22:22:14.196547,success,,cust_info_inc_20250709_2222.csv,postgres_dwh_initial_load_dag,manual__2025-07-09T22:22:01.843+00:00
277,raw_erp_px_cat_g1v2,incremental,27,2025-07-06 09:18:03.996485,2025-07-06 09:24:06.402729,2025-07-06 09:24:06.402729,success,,px_cat_g1v2_inc_20250706_0918.csv,postgres_dwh_initial_load_dag,scheduled__2025-07-06T09:16:00+00:00
278,raw_erp_cust_az12,incremental,1424,2025-07-10 10:20:03.281310,2025-07-10 10:20:05.176737,2025-07-10 10:20:05.176737,success,,cust_az12_inc_20250710_1020.csv,postgres_dwh_initial_load_dag,scheduled__2025-07-10T10:20:00+00:00
279,raw_crm_sales_details,incremental,20561,2025-07-06 18:28:49.751005,2025-07-06 18:32:23.261384,2025-07-06 18:32:23.261384,success,,sales_details_inc_20250706_1828.csv,postgres_dwh_initial_load_dag,scheduled__2025-07-06T18:28:00+00:00
280,raw_erp_loc_a101,incremental,701,2025-07-11 08:46:13.690236,2025-07-11 08:46:34.427438,2025-07-11 08:46:34.427438,success,,loc_a101_inc_20250711_0846.csv,postgres_dwh_initial_load_dag,scheduled__2025-07-11T08:44:00+00:00
281,raw_erp_loc_a101,incremental,1032,2025-07-07 23:19:54.058708,2025-07-07 23:29:52.072359,2025-07-07 23:29:52.072359,success,,loc_a101_inc_20250707_2319.csv,postgres_dwh_initial_load_dag,scheduled__2025-07-07T23:16:00+00:00
282,raw_crm_sales_details,incremental,0,2025-07-06 06:27:00.063628,2025-07-06 06:27:00.236329,2025-07-06 06:27:00.236329,timeout,Operation timed out after 300 seconds,sales_details_inc_20250706_0626.csv,daily_refresh_dag,scheduled__2025-07-06T06:24:00+00:00
283,raw_erp_loc_a101,incremental,756,2025-07-08 12:52:38.631913,2025-07-08 12:55:17.487401,2025-07-08 12:55:17.487401,success,,loc_a101_inc_20250708_1252.csv,postgres_dwh_initial_load_dag,manual__2025-07-08T12:52:38.212+00:00
284,raw_crm_sales_details,incremental,21999,2025-07-05 22:41:10.782297,2025-07-05 22:41:23.060561,2025-07-05 22:41:23.060561,success,,sales_details_inc_20250705_2241.csv,emergency_reload_dag,scheduled__2025-07-05T22:40:00+00:00
285,raw_crm_sales_details,incremental,0,2025-07-07 11:16:22.338014,2025-07-07 11:26:21.437049,2025-07-07 11:26:21.437049,success,,sales_details_inc_20250707_1116.csv,incremental_load_dag,scheduled__2025-07-07T11:16:00+00:00
286,raw_erp_cust_az12,incremental,1513,2025-07-10 23:49:48.214939,2025-07-10 23:58:36.221795,2025-07-10 23:58:36.221795,success,,cust_az12_inc_20250710_2349.csv,postgres_dwh_initial_load_dag,manual__2025-07-10T23:49:47.633+00:00
287,raw_crm_sales_details,incremental,25403,2025-07-06 16:23:20.037217,2025-07-06 16:27:51.279912,2025-07-06 16:27:51.279912,success,,sales_details_inc_20250706_1623.csv,emergency_reload_dag,scheduled__2025-07-06T16:20:00+00:00
288,raw_erp_loc_a101,incremental,964,2025-07-10 22:23:04.472259,2025-07-10 22:23:14.413478,2025-07-10 22:23:14.413478,success,,loc_a101_inc_20250710_2223.csv,daily_refresh_dag,scheduled__2025-07-10T22:20:00+00:00
289,raw_erp_px_cat_g1v2,incremental,32,2025-07-10 17:28:34.674305,2025-07-10 17:28:35.208492,2025-07-10 17:28:35.208492,success,,px_cat_g1v2_inc_20250710_1728.csv,postgres_dwh_initial_load_dag,scheduled__2025-07-10T17:28:00+00:00
290,raw_crm_sales_details,incremental,0,2025-07-10 03:31:44.107567,2025-07-10 03:31:56.680254,2025-07-10 03:31:56.680254,failed,Insufficient disk space,sales_details_inc_20250710_0331.csv,postgres_dwh_initial_load_dag,scheduled__2025-07-10T03:28:00+00:00
291,raw_crm_sales_details,incremental,30710,2025-07-07 20:04:58.049848,2025-07-07 20:08:17.464272,2025-07-07 20:08:17.464272,success,,sales_details_inc_20250707_2004.csv,postgres_dwh_initial_load_dag,scheduled__2025-07-07T20:04:00+00:00
292,raw_crm_sales_details,incremental,18104,2025-07-05 21:58:17.101532,2025-07-05 21:58:18.915085,2025-07-05 21:58:18.915085,success,,sales_details_inc_20250705_2158.csv,incremental_load_dag,scheduled__2025-07-05T21:56:00+00:00
293,raw_crm_cust_info,incremental,0,2025-07-05 21:42:58.124081,2025-07-05 21:42:58.483482,2025-07-05 21:42:58.483482,success,,cust_info_inc_20250705_2142.csv,incremental_load_dag,manual__2025-07-05T21:42:58.046+00:00
294,raw_crm_cust_info,incremental,0,2025-07-08 03:41:52.237732,2025-07-08 03:42:07.658802,2025-07-08 03:42:07.658802,success,,cust_info_inc_20250708_0341.csv,emergency_reload_dag,scheduled__2025-07-08T03:40:00+00:00
295,raw_crm_prd_info,incremental,183,2025-07-09 15:23:14.683685,2025-07-09 15:23:18.729017,2025-07-09 15:23:18.729017,success,,prd_info_inc_20250709_1523.csv,postgres_dwh_initial_load_dag,scheduled__2025-07-09T15:20:00+00:00
296,raw_crm_sales_details,initial,0,2025-07-08 16:23:45.488114,2025-07-08 16:26:37.838154,2025-07-08 16:26:37.838154,timeout,Operation timed out after 300 seconds,,postgres_dwh_initial_load_dag,scheduled__2025-07-08T16:20:00+00:00
297,raw_crm_cust_info,incremental,0,2025-07-06 09:30:07.423012,2025-07-06 09:30:09.270801,2025-07-06 09:30:09.270801,timeout,Operation timed out after 300 seconds,cust_info_inc_20250706_0930.csv,postgres_dwh_initial_load_dag,manual__2025-07-06T09:30:07.226+00:00
298,raw_crm_cust_info,incremental,1762,2025-07-08 08:01:48.553471,2025-07-08 08:02:14.372124,2025-07-08 08:02:14.372124,success,,cust_info_inc_20250708_0801.csv,incremental_load_dag,scheduled__2025-07-08T08:00:00+00:00
299,raw_crm_sales_details,incremental,22038,2025-07-06 20:35:05.797951,2025-07-06 20:35:23.985821,2025-07-06 20:35:23.985821,success,,sales_details_inc_20250706_2035.csv,daily_refresh_dag,scheduled__2025-07-06T20:32:00+00:00
300,raw_crm_cust_info,incremental,1088,2025-07-06 21:34:50.835161,2025-07-06 21:34:51.666455,2025-07-06 21:34:51.666455,success,,cust_info_inc_20250706_2134.csv,postgres_dwh_initial_load_dag,scheduled__2025-07-06T21:32:00+00:00
301,raw_crm_sales_details,incremental,17885,2025-07-07 05:19:53.619240,2025-07-07 05:19:55.368731,2025-07-07 05:19:55.368731,success,,sales_details_inc_20250707_0519.csv,postgres_dwh_initial_load_dag,scheduled__2025-07-07T05:16:00+00:00
302,raw_crm_sales_details,incremental,26802,2025-07-05 09:23:04.962851,2025-07-05 09:23:23.253306,2025-07-05 09:23:23.253306,success,,sales_details_inc_20250705_0923.csv,weekly_maintenance_dag,scheduled__2025-07-05T09:20:00+00:00
303,raw_crm_sales_details,incremental,31418,2025-07-08 15:16:34.864898,2025-07-08 15:22:23.869914,2025-07-08 15:22:23.869914,success,,sales_details_inc_20250708_1516.csv,incremental_load_dag,scheduled__2025-07-08T15:16:00+00:00
304,raw_erp_cust_az12,incremental,874,2025-07-08 19:41:00.984508,2025-07-08 19:41:02.664089,2025-07-08 19:41:02.664089,success,,cust_az12_inc_20250708_1941.csv,emergency_reload_dag,scheduled__2025-07-08T19:40:00+00:00
305,raw_crm_sales_details,incremental,0,2025-07-08 13:23:56.870744,2025-07-08 13:29:36.263240,2025-07-08 13:29:36.263240,failed,File not found in staging directory,sales_details_inc_20250708_1323.csv,postgres_dwh_initial_load_dag,scheduled__2025-07-08T13:20:00+00:00
306,raw_erp_loc_a101,incremental,825,2025-07-04 09:46:42.782586,2025-07-04 09:47:15.788421,2025-07-04 09:47:15.788421,success,,loc_a101_inc_20250704_0946.csv,daily_refresh_dag,scheduled__2025-07-04T09:44:00+00:00
307,raw_crm_cust_info,incremental,1757,2025-07-09 10:21:35.299248,2025-07-09 10:23:22.025142,2025-07-09 10:23:22.025142,success,,cust_info_inc_20250709_1021.csv,weekly_maintenance_dag,scheduled__2025-07-09T10:20:00+00:00
308,raw_crm_sales_details,incremental,0,2025-07-10 11:22:13.004680,2025-07-10 11:22:13.189408,2025-07-10 11:22:13.189408,success,,sales_details_inc_20250710_1122.csv,daily_refresh_dag,scheduled__2025-07-10T11:20:00+00:00
309,raw_crm_sales_details,initial,631421,2025-07-10 10:32:52.379603,2025-07-10 10:33:14.585076,2025-07-10 10:33:14.585076,success,,,postgres_dwh_initial_load_dag,scheduled__2025-07-10T10:32:00+00:00
310,raw_crm_sales_details,incremental,18643,2025-07-04 07:10:01.263376,2025-07-04 07:10:02.425443,2025-07-04 07:10:02.425443,success,,sales_details_inc_20250704_0710.csv,postgres_dwh_initial_load_dag,scheduled__2025-07-04T07:08:00+00:00
311,raw_erp_px_cat_g1v2,incremental,32,2025-07-10 21:25:15.830436,2025-07-10 21:31:04.785585,2025-07-10 21:31:04.785585,success,,px_cat_g1v2_inc_20250710_2125.csv,incremental_load_dag,scheduled__2025-07-10T21:24:00+00:00
